Date,High,Low,Open,Close,Volume,Adj Close
2010-01-04,59.650001525878906,58.939998626708984,59.220001220703125,59.34000015258789,822900.0,46.84083938598633
2010-01-05,59.4900016784668,57.38999938964844,59.18000030517578,58.11000061035156,2352700.0,45.86992645263672
2010-01-06,57.9900016784668,57.20000076293945,57.81999969482422,57.34000015258789,1685500.0,45.26210403442383
2010-01-07,57.13999938964844,56.18000030517578,57.08000183105469,56.790000915527344,1939600.0,44.82797622680664
2010-01-08,57.619998931884766,56.599998474121094,56.70000076293945,57.54999923706055,1332500.0,45.42787551879883
2010-01-11,57.90999984741211,57.220001220703125,57.5,57.720001220703125,1227300.0,45.56207275390625
2010-01-12,57.63999938964844,56.790000915527344,57.470001220703125,56.9900016784668,1425700.0,44.98583221435547
2010-01-13,57.470001220703125,56.34000015258789,57.0,57.31999969482422,1513300.0,45.24631881713867
2010-01-14,57.880001068115234,57.02000045776367,57.02000045776367,57.619998931884766,818100.0,45.48313522338867
2010-01-15,58.11000061035156,57.22999954223633,57.5099983215332,57.720001220703125,1592400.0,45.56207275390625
2010-01-19,58.470001220703125,57.63999938964844,57.70000076293945,58.130001068115234,1061200.0,45.885704040527344
2010-01-20,57.849998474121094,56.88999938964844,57.529998779296875,57.779998779296875,1157700.0,45.609432220458984
2010-01-21,58.369998931884766,56.97999954223633,57.689998626708984,57.630001068115234,1659200.0,45.491024017333984
2010-01-22,58.150001525878906,57.2400016784668,57.709999084472656,57.349998474121094,1558100.0,45.27000045776367
2010-01-25,57.849998474121094,56.790000915527344,57.4900016784668,57.459999084472656,1167300.0,45.35683059692383
2010-01-26,57.59000015258789,56.939998626708984,57.189998626708984,57.099998474121094,1347100.0,45.07265853881836
2010-01-27,57.599998474121094,56.619998931884766,56.83000183105469,57.459999084472656,881300.0,45.35683059692383
2010-01-28,57.63999938964844,56.20000076293945,57.63999938964844,56.540000915527344,1173200.0,44.63062286376953
2010-01-29,57.279998779296875,56.630001068115234,56.68000030517578,56.630001068115234,1527800.0,44.7016716003418
2010-02-01,57.650001525878906,56.689998626708984,56.84000015258789,57.400001525878906,981500.0,45.309486389160156
2010-02-02,57.540000915527344,56.68000030517578,57.2400016784668,57.41999816894531,1470300.0,45.325252532958984
2010-02-03,54.380001068115234,51.5,52.84000015258789,53.540000915527344,8727300.0,42.26253128051758
2010-02-04,53.95000076293945,52.66999816894531,53.310001373291016,53.25,3974300.0,42.03361511230469
2010-02-05,54.08000183105469,51.15999984741211,53.15999984741211,52.439998626708984,2833000.0,41.394229888916016
2010-02-08,52.970001220703125,52.0099983215332,52.650001525878906,52.08000183105469,2046300.0,41.11006164550781
2010-02-09,53.68000030517578,52.11000061035156,52.63999938964844,52.66999816894531,2709800.0,41.575782775878906
2010-02-10,52.5099983215332,51.310001373291016,52.0,51.84000015258789,1904200.0,40.92060089111328
2010-02-11,53.29999923706055,51.459999084472656,51.630001068115234,53.099998474121094,2533300.0,41.915199279785156
2010-02-12,52.70000076293945,51.68000030517578,52.470001220703125,52.119998931884766,2414800.0,41.141624450683594
2010-02-16,53.290000915527344,52.38999938964844,52.38999938964844,52.75,1511000.0,41.63893508911133
2010-02-17,53.43000030517578,52.56999969482422,53.04999923706055,53.0,1345300.0,41.83628845214844
2010-02-18,53.08000183105469,52.77000045776367,53.04999923706055,52.900001525878906,1032000.0,41.75734329223633
2010-02-19,53.970001220703125,52.779998779296875,52.779998779296875,53.5,1768100.0,42.2309455871582
2010-02-22,54.310001373291016,53.310001373291016,53.77000045776367,54.15999984741211,1625500.0,42.751930236816406
2010-02-23,54.5,53.13999938964844,54.2400016784668,53.560001373291016,2650100.0,42.27831268310547
2010-02-24,54.2400016784668,53.310001373291016,54.0,53.68000030517578,1822500.0,42.373043060302734
2010-02-25,53.540000915527344,52.5,53.0,53.4900016784668,1612200.0,42.22306442260742
2010-02-26,53.560001373291016,52.70000076293945,53.4900016784668,53.33000183105469,1701400.0,42.09677505493164
2010-03-01,63.650001525878906,53.02000045776367,53.290000915527344,53.560001373291016,2163600.0,42.27831268310547
2010-03-02,53.7400016784668,53.16999816894531,53.5,53.209999084472656,1597700.0,42.00203323364258
2010-03-03,53.08000183105469,52.380001068115234,52.81999969482422,52.470001220703125,2205500.0,41.61343002319336
2010-03-04,52.90999984741211,52.25,52.70000076293945,52.66999816894531,1610000.0,41.77204895019531
2010-03-05,53.380001068115234,52.66999816894531,52.68000030517578,53.25,1621000.0,42.23203659057617
2010-03-08,54.099998474121094,53.29999923706055,54.04999923706055,53.31999969482422,1488500.0,42.28755569458008
2010-03-09,53.560001373291016,53.02000045776367,53.25,53.38999938964844,1060200.0,42.34305953979492
2010-03-10,54.06999969482422,53.09000015258789,53.52000045776367,53.66999816894531,1695600.0,42.56512451171875
2010-03-11,53.650001525878906,53.040000915527344,53.36000061035156,53.459999084472656,1975500.0,42.39857864379883
2010-03-12,54.06999969482422,53.119998931884766,53.56999969482422,53.869998931884766,1710800.0,42.7237548828125
2010-03-15,54.22999954223633,53.45000076293945,53.970001220703125,53.880001068115234,1651000.0,42.731685638427734
2010-03-16,55.68000030517578,53.9900016784668,54.119998931884766,55.279998779296875,3479600.0,43.84202194213867
2010-03-17,56.209999084472656,55.15999984741211,55.349998474121094,55.68000030517578,1992300.0,44.15925216674805
2010-03-18,56.810001373291016,55.279998779296875,55.459999084472656,56.58000183105469,2114600.0,44.87302017211914
2010-03-19,57.68000030517578,56.380001068115234,57.2400016784668,56.599998474121094,3059500.0,44.88888931274414
2010-03-22,56.650001525878906,56.13999938964844,56.36000061035156,56.22999954223633,1451200.0,44.59545135498047
2010-03-23,56.4900016784668,55.7599983215332,56.06999969482422,56.43000030517578,1303900.0,44.75406265258789
2010-03-24,56.41999816894531,55.72999954223633,56.400001525878906,56.119998931884766,1293800.0,44.50819778442383
2010-03-25,56.779998779296875,55.560001373291016,56.43000030517578,55.650001525878906,1779900.0,44.13545608520508
2010-03-26,55.970001220703125,55.25,55.63999938964844,55.560001373291016,1545600.0,44.064083099365234
2010-03-29,56.77000045776367,55.709999084472656,55.709999084472656,56.09000015258789,1279500.0,44.48442077636719
2010-03-30,56.45000076293945,55.79999923706055,56.0099983215332,56.220001220703125,1372800.0,44.5875244140625
2010-03-31,56.119998931884766,55.63999938964844,55.83000183105469,55.849998474121094,1376400.0,44.29405975341797
2010-04-01,56.22999954223633,55.16999816894531,55.97999954223633,55.68000030517578,1178800.0,44.15925216674805
2010-04-05,56.15999984741211,55.439998626708984,55.97999954223633,55.65999984741211,1094800.0,44.14338302612305
2010-04-06,55.68000030517578,54.9900016784668,55.2400016784668,55.279998779296875,1574400.0,43.84202194213867
2010-04-07,55.66999816894531,54.970001220703125,55.43000030517578,55.150001525878906,2051300.0,43.73891067504883
2010-04-08,55.720001220703125,54.779998779296875,54.970001220703125,55.599998474121094,1837700.0,44.095794677734375
2010-04-09,56.689998626708984,55.709999084472656,55.75,56.45000076293945,2885200.0,44.76991653442383
2010-04-12,57.599998474121094,56.439998626708984,57.599998474121094,56.439998626708984,3151600.0,44.76198959350586
2010-04-13,56.72999954223633,55.90999984741211,56.279998779296875,56.59000015258789,1647900.0,44.880950927734375
2010-04-14,57.810001373291016,56.4900016784668,56.5,57.7400016784668,1980200.0,45.793006896972656
2010-04-15,59.7599983215332,57.86000061035156,58.0099983215332,58.93000030517578,3466500.0,46.736778259277344
2010-04-16,58.95000076293945,57.84000015258789,58.849998474121094,58.380001068115234,2157300.0,46.30058670043945
2010-04-19,58.86000061035156,58.060001373291016,58.060001373291016,58.630001068115234,1601300.0,46.49886703491211
2010-04-20,59.310001373291016,58.47999954223633,58.91999816894531,58.900001525878906,1480200.0,46.7130012512207
2010-04-21,61.27000045776367,56.9900016784668,57.0,60.0,5813800.0,47.58539581298828
2010-04-22,62.150001525878906,59.5099983215332,60.11000061035156,61.459999084472656,4289700.0,48.74330139160156
2010-04-23,61.7400016784668,60.959999084472656,61.56999969482422,61.58000183105469,2183800.0,48.8384895324707
2010-04-26,61.709999084472656,61.029998779296875,61.5,61.150001525878906,1454600.0,48.49744415283203
2010-04-27,61.470001220703125,60.06999969482422,61.06999969482422,60.27000045776367,2987300.0,47.79952621459961
2010-04-28,61.029998779296875,60.33000183105469,61.0,60.560001373291016,1778100.0,48.029518127441406
2010-04-29,61.459999084472656,60.810001373291016,60.869998931884766,61.150001525878906,1554200.0,48.49744415283203
2010-04-30,61.619998931884766,60.29999923706055,60.90999984741211,60.31999969482422,1720800.0,47.839168548583984
2010-05-03,61.88999938964844,60.220001220703125,60.439998626708984,61.77000045776367,1788500.0,48.98917007446289
2010-05-04,61.47999954223633,60.119998931884766,61.439998626708984,60.70000076293945,1978200.0,48.14056396484375
2010-05-05,61.52000045776367,60.310001373291016,60.599998474121094,60.709999084472656,2088900.0,48.14849090576172
2010-05-06,61.2400016784668,57.25,60.7400016784668,59.15999984741211,2987400.0,46.91919708251953
2010-05-07,59.41999816894531,57.599998474121094,59.150001525878906,57.83000183105469,3390400.0,45.86438751220703
2010-05-10,60.68000030517578,59.0,60.470001220703125,60.68000030517578,2630700.0,48.12469482421875
2010-05-11,61.34000015258789,59.970001220703125,59.970001220703125,60.68000030517578,1817300.0,48.12469482421875
2010-05-12,61.5,60.4900016784668,60.68000030517578,61.220001220703125,1350000.0,48.5529670715332
2010-05-13,61.369998931884766,60.560001373291016,60.65999984741211,60.599998474121094,1650700.0,48.061241149902344
2010-05-14,60.25,59.06999969482422,59.97999954223633,59.61000061035156,1955900.0,47.27609634399414
2010-05-17,60.349998474121094,58.619998931884766,59.869998931884766,59.7599983215332,1547800.0,47.39505386352539
2010-05-18,60.619998931884766,59.0,60.099998474121094,59.220001220703125,1087900.0,46.9667854309082
2010-05-19,59.709999084472656,58.279998779296875,59.0,59.34000015258789,1890100.0,47.06195068359375
2010-05-20,58.790000915527344,56.959999084472656,58.349998474121094,57.029998779296875,2573200.0,45.229923248291016
2010-05-21,58.2400016784668,56.2599983215332,56.29999923706055,58.18000030517578,2885300.0,46.1419677734375
2010-05-24,58.380001068115234,57.310001373291016,57.91999816894531,57.33000183105469,1126800.0,45.46784591674805
2010-05-25,57.4900016784668,55.61000061035156,56.560001373291016,57.400001525878906,1750000.0,45.52336883544922
2010-05-26,58.310001373291016,57.18000030517578,57.40999984741211,57.36000061035156,1453100.0,45.49164581298828
2010-05-27,58.72999954223633,57.779998779296875,58.16999816894531,58.70000076293945,1271000.0,46.554378509521484
2010-05-28,58.72999954223633,57.47999954223633,58.70000076293945,58.11000061035156,1363500.0,46.08644485473633
2010-06-01,58.36000061035156,57.0099983215332,57.849998474121094,57.08000183105469,1169300.0,45.269569396972656
2010-06-02,58.119998931884766,56.5,56.5,58.119998931884766,1325300.0,46.297149658203125
2010-06-03,58.720001220703125,57.40999984741211,58.33000183105469,58.040000915527344,1445800.0,46.233421325683594
2010-06-04,57.22999954223633,55.66999816894531,57.16999816894531,55.900001525878906,1844200.0,44.52874755859375
2010-06-07,56.18000030517578,54.650001525878906,55.93000030517578,54.7400016784668,2186900.0,43.60472869873047
2010-06-08,55.09000015258789,53.88999938964844,54.70000076293945,54.880001068115234,1777200.0,43.71623229980469
2010-06-09,56.25,54.86000061035156,54.90999984741211,55.029998779296875,1708800.0,43.83572769165039
2010-06-10,57.70000076293945,56.4900016784668,56.75,57.439998626708984,2147800.0,45.75548553466797
2010-06-11,58.25,56.470001220703125,56.75,58.209999084472656,1275200.0,46.36886215209961
2010-06-14,59.27000045776367,58.36000061035156,58.52000045776367,58.70000076293945,1517600.0,46.75917434692383
2010-06-15,59.41999816894531,58.540000915527344,58.72999954223633,59.31999969482422,1496100.0,47.253047943115234
2010-06-16,59.599998474121094,58.810001373291016,59.09000015258789,59.279998779296875,1350600.0,47.221195220947266
2010-06-17,59.63999938964844,58.470001220703125,59.599998474121094,59.34000015258789,901300.0,47.26898193359375
2010-06-18,59.529998779296875,58.869998931884766,59.439998626708984,59.060001373291016,1470200.0,47.04593276977539
2010-06-21,59.75,58.68000030517578,59.560001373291016,59.11000061035156,1172200.0,47.08577346801758
2010-06-22,59.380001068115234,57.380001068115234,59.25,57.59000015258789,1150400.0,45.874969482421875
2010-06-23,57.959999084472656,57.0,57.58000183105469,57.459999084472656,791600.0,45.77140808105469
2010-06-24,57.880001068115234,56.81999969482422,57.13999938964844,56.9900016784668,1035800.0,45.39702224731445
2010-06-25,57.349998474121094,56.61000061035156,57.08000183105469,57.22999954223633,1735700.0,45.58820343017578
2010-06-28,57.619998931884766,56.630001068115234,57.45000076293945,56.900001525878906,707200.0,45.32533264160156
2010-06-29,56.630001068115234,55.52000045776367,56.47999954223633,55.939998626708984,1822000.0,44.56062698364258
2010-06-30,56.939998626708984,55.470001220703125,55.849998474121094,55.65999984741211,1530900.0,44.33757019042969
2010-07-01,56.27000045776367,54.52000045776367,55.56999969482422,55.720001220703125,1849500.0,44.3853759765625
2010-07-02,55.97999954223633,54.5,55.7400016784668,55.04999923706055,1178800.0,43.85166549682617
2010-07-06,56.02000045776367,55.09000015258789,55.68000030517578,55.63999938964844,1811400.0,44.32162857055664
2010-07-07,56.619998931884766,55.29999923706055,55.63999938964844,56.400001525878906,1666900.0,44.927040100097656
2010-07-08,57.04999923706055,56.310001373291016,56.54999923706055,56.790000915527344,1015600.0,45.23772430419922
2010-07-09,57.349998474121094,56.68000030517578,56.779998779296875,57.060001373291016,870300.0,45.45277786254883
2010-07-12,57.61000061035156,56.59000015258789,56.790000915527344,56.959999084472656,758100.0,45.37312316894531
2010-07-13,58.20000076293945,57.40999984741211,57.70000076293945,58.0099983215332,1174100.0,46.20952606201172
2010-07-14,59.13999938964844,58.189998626708984,58.25,58.75,1519900.0,46.79900360107422
2010-07-15,58.91999816894531,57.709999084472656,58.650001525878906,58.58000183105469,1062100.0,46.6635856628418
2010-07-16,58.63999938964844,57.36000061035156,58.5099983215332,57.45000076293945,1313400.0,45.763450622558594
2010-07-19,58.459999084472656,57.20000076293945,57.54999923706055,58.25,1420300.0,46.400718688964844
2010-07-20,58.709999084472656,57.0099983215332,57.52000045776367,58.650001525878906,1178500.0,46.719337463378906
2010-07-21,58.869998931884766,57.22999954223633,58.689998626708984,57.61000061035156,1271000.0,45.89090347290039
2010-07-22,59.5,58.189998626708984,58.189998626708984,59.400001525878906,2351300.0,47.316776275634766
2010-07-23,60.9900016784668,58.689998626708984,59.290000915527344,60.880001068115234,2295600.0,48.4957160949707
2010-07-26,62.41999816894531,61.0,61.04999923706055,62.099998474121094,2236900.0,49.4675407409668
2010-07-27,62.459999084472656,61.04999923706055,62.16999816894531,61.20000076293945,2145900.0,48.75061798095703
2010-07-28,65.44999694824219,63.540000915527344,63.95000076293945,64.87000274658203,8449600.0,51.67406463623047
2010-07-29,65.44000244140625,63.9900016784668,65.1500015258789,64.62999725341797,2441500.0,51.48289108276367
2010-07-30,65.52999877929688,63.79999923706055,64.0999984741211,65.19999694824219,1668500.0,51.93693161010742
2010-08-02,66.27999877929688,65.0199966430664,65.3499984741211,66.22000122070312,1542400.0,52.74943542480469
2010-08-03,66.66999816894531,65.41999816894531,66.06999969482422,66.43000030517578,1445600.0,52.91672897338867
2010-08-04,67.37000274658203,66.29000091552734,66.55999755859375,67.22000122070312,1437900.0,53.54601287841797
2010-08-05,67.52999877929688,66.6500015258789,67.0999984741211,67.3499984741211,1204300.0,53.649574279785156
2010-08-06,67.58999633789062,66.30999755859375,66.58999633789062,66.88999938964844,1757300.0,53.28315734863281
2010-08-09,68.0,67.2300033569336,67.37000274658203,67.7699966430664,1148000.0,53.98414611816406
2010-08-10,67.45999908447266,65.72000122070312,67.0,66.19999694824219,2405600.0,52.73351287841797
2010-08-11,65.54000091552734,64.20999908447266,65.44000244140625,64.9800033569336,2375900.0,51.761688232421875
2010-08-12,65.19000244140625,64.06999969482422,64.31999969482422,64.88999938964844,1492500.0,51.68998718261719
2010-08-13,64.9800033569336,64.30000305175781,64.54000091552734,64.5999984741211,1390700.0,51.45899200439453
2010-08-16,65.18000030517578,63.81999969482422,64.30999755859375,64.86000061035156,1129600.0,51.66610336303711
2010-08-17,66.80999755859375,65.08999633789062,65.47000122070312,66.29000091552734,1771300.0,52.80519485473633
2010-08-18,66.5,65.19000244140625,65.55999755859375,65.9800033569336,1196900.0,52.55826950073242
2010-08-19,65.69999694824219,64.23999786376953,65.6500015258789,65.19000244140625,2001000.0,51.92897033691406
2010-08-20,66.36000061035156,64.62000274658203,65.08999633789062,66.16000366210938,1917400.0,52.70164489746094
2010-08-23,67.30000305175781,65.83000183105469,66.63999938964844,65.86000061035156,1398700.0,52.462684631347656
2010-08-24,65.68000030517578,64.62999725341797,65.41999816894531,65.13999938964844,1932200.0,51.889137268066406
2010-08-25,65.41999816894531,64.68000030517578,64.83999633789062,65.12000274658203,1914800.0,51.87320327758789
2010-08-26,66.05000305175781,64.88999938964844,65.45999908447266,64.91000366210938,1615700.0,51.7059326171875
2010-08-27,66.4000015258789,64.61000061035156,65.2699966430664,65.91999816894531,1415200.0,52.510475158691406
2010-08-30,65.97000122070312,64.87000274658203,65.61000061035156,64.9000015258789,1082800.0,51.697967529296875
2010-08-31,65.45999908447266,64.38999938964844,64.51000213623047,64.98999786376953,2367200.0,51.7696533203125
2010-09-01,66.7699966430664,65.20999908447266,65.69999694824219,66.37000274658203,2064900.0,53.073097229003906
2010-09-02,67.30999755859375,66.5999984741211,66.62999725341797,67.2300033569336,973900.0,53.760799407958984
2010-09-03,68.20999908447266,67.30999755859375,67.94000244140625,67.55999755859375,1323700.0,54.024688720703125
2010-09-07,67.68000030517578,66.79000091552734,67.44999694824219,67.05999755859375,1132700.0,53.62486267089844
2010-09-08,68.41999816894531,67.19000244140625,67.29000091552734,67.66999816894531,1276700.0,54.112640380859375
2010-09-09,68.33999633789062,67.47000122070312,68.12000274658203,67.69000244140625,1121600.0,54.128631591796875
2010-09-10,68.05000305175781,67.31999969482422,67.91999816894531,67.5,1065200.0,53.976715087890625
2010-09-13,68.38999938964844,67.48999786376953,68.05999755859375,68.0,1550100.0,54.37651824951172
2010-09-14,68.41000366210938,67.38999938964844,67.70999908447266,68.0,2079600.0,54.37651824951172
2010-09-15,68.37999725341797,67.44000244140625,67.8499984741211,68.20999908447266,864200.0,54.544456481933594
2010-09-16,68.0999984741211,67.51000213623047,67.86000061035156,67.83999633789062,940700.0,54.24858093261719
2010-09-17,68.58999633789062,67.86000061035156,68.23999786376953,68.44999694824219,1536800.0,54.73638153076172
2010-09-20,69.58000183105469,68.66000366210938,68.79000091552734,68.79000091552734,1153200.0,55.00824737548828
2010-09-21,69.48999786376953,68.69000244140625,68.94000244140625,68.83999633789062,1298100.0,55.048240661621094
2010-09-22,69.38999938964844,67.7300033569336,68.8499984741211,68.08000183105469,1556300.0,54.44050979614258
2010-09-23,68.13999938964844,66.76000213623047,67.5999984741211,67.11000061035156,1262800.0,53.66482925415039
2010-09-24,68.91000366210938,67.77999877929688,67.81999969482422,68.5999984741211,1499200.0,54.85633087158203
2010-09-27,69.06999969482422,68.27999877929688,68.5999984741211,68.69000244140625,1022700.0,54.92829132080078
2010-09-28,69.93000030517578,68.41000366210938,68.94000244140625,69.41000366210938,1846000.0,55.5040397644043
2010-09-29,69.58999633789062,68.55999755859375,69.13999938964844,69.56999969482422,1467900.0,55.63199234008789
2010-09-30,70.87000274658203,69.41999816894531,69.77999877929688,69.91999816894531,2352200.0,55.91188049316406
2010-10-01,70.58000183105469,69.13999938964844,70.41000366210938,69.63999938964844,1964100.0,55.6879768371582
2010-10-04,69.87000274658203,68.73999786376953,69.75,69.54000091552734,1530800.0,55.60800552368164
2010-10-05,72.33999633789062,69.94999694824219,69.94999694824219,70.88999938964844,4105700.0,56.68753433227539
2010-10-06,71.81999969482422,70.98999786376953,71.05000305175781,71.0999984741211,1919200.0,56.85547637939453
2010-10-07,71.30999755859375,70.52999877929688,71.16000366210938,71.0999984741211,1475300.0,56.85547637939453
2010-10-08,71.88999938964844,70.55000305175781,71.22000122070312,71.20999908447266,1696800.0,56.94343566894531
2010-10-11,71.58999633789062,70.55000305175781,71.04000091552734,71.12000274658203,1159900.0,56.871437072753906
2010-10-12,71.25,70.20999908447266,71.0999984741211,70.62999725341797,1232900.0,56.4796142578125
2010-10-13,72.0,70.69999694824219,70.7300033569336,71.5,1427100.0,57.175296783447266
2010-10-14,72.38999938964844,70.86000061035156,70.86000061035156,72.05999755859375,2683900.0,57.62312316894531
2010-10-15,72.98999786376953,72.19000244140625,72.62000274658203,72.23999786376953,2495100.0,57.76704788208008
2010-10-18,72.12999725341797,71.44000244140625,72.12999725341797,71.76000213623047,1089400.0,57.38322830200195
2010-10-19,72.23999786376953,70.95999908447266,71.29000091552734,71.69999694824219,2100300.0,57.33524703979492
2010-10-20,72.83000183105469,71.80000305175781,71.9000015258789,72.36000061035156,1216600.0,57.863014221191406
2010-10-21,72.72000122070312,71.73999786376953,72.69999694824219,72.4000015258789,1048100.0,57.8950309753418
2010-10-22,72.55000305175781,71.8499984741211,72.52999877929688,72.5199966430664,685800.0,57.9909553527832
2010-10-25,73.31999969482422,72.62000274658203,72.72000122070312,72.77999877929688,1325800.0,58.19887924194336
2010-10-26,73.12999725341797,71.83000183105469,72.44000244140625,71.9800033569336,1699100.0,57.559146881103516
2010-10-27,71.70999908447266,69.1500015258789,69.58000183105469,71.48999786376953,1570600.0,57.16731643676758
2010-10-28,71.33000183105469,69.87000274658203,71.05000305175781,70.18000030517578,1899400.0,56.119773864746094
2010-10-29,70.87000274658203,69.94999694824219,70.05000305175781,70.4800033569336,1205800.0,56.359676361083984
2010-11-01,71.38999938964844,70.29000091552734,70.56999969482422,70.48999786376953,973100.0,56.36766815185547
2010-11-02,71.3499984741211,70.68000030517578,71.04000091552734,71.08999633789062,693500.0,56.84748458862305
2010-11-03,71.23999786376953,69.70999908447266,71.05000305175781,70.54000091552734,1369300.0,56.40765380859375
2010-11-04,72.38999938964844,70.91999816894531,71.18000030517578,72.25,1509400.0,57.77507019042969
2010-11-05,72.45999908447266,71.41000366210938,72.30000305175781,71.79000091552734,944500.0,57.407203674316406
2010-11-08,72.30999755859375,71.31999969482422,71.37000274658203,72.16999816894531,751600.0,57.711082458496094
2010-11-09,72.31999969482422,70.86000061035156,72.16999816894531,71.19000244140625,779000.0,56.927433013916016
2010-11-10,71.55000305175781,70.41000366210938,71.37000274658203,70.69000244140625,1153000.0,56.52759552001953
2010-11-11,71.88999938964844,70.25,70.30999755859375,71.80000305175781,1137700.0,57.415218353271484
2010-11-12,71.69999694824219,70.72000122070312,71.33000183105469,71.19999694824219,834500.0,56.93540573120117
2010-11-15,72.08000183105469,71.23999786376953,71.61000061035156,71.4000015258789,698100.0,57.095359802246094
2010-11-16,71.23999786376953,70.16000366210938,71.05999755859375,70.81999969482422,1110100.0,56.631553649902344
2010-11-17,71.25,70.29000091552734,70.69000244140625,71.08000183105469,1130400.0,56.839473724365234
2010-11-18,72.91999816894531,71.31999969482422,71.58999633789062,72.25,1185300.0,57.77507019042969
2010-11-19,72.8499984741211,72.06999969482422,72.30000305175781,72.8499984741211,1095100.0,58.25483703613281
2010-11-22,73.2300033569336,72.08000183105469,72.44000244140625,72.87999725341797,718200.0,58.278831481933594
2010-11-23,72.4000015258789,71.69999694824219,72.2699966430664,72.33000183105469,656100.0,57.83903121948242
2010-11-24,74.58000183105469,72.69999694824219,72.80999755859375,74.22000122070312,1240600.0,59.350372314453125
2010-11-26,74.37999725341797,73.69999694824219,73.86000061035156,74.11000061035156,323300.0,59.26242446899414
2010-11-29,74.06999969482422,72.94000244140625,73.94999694824219,73.5199966430664,1544800.0,58.79063415527344
2010-11-30,74.16999816894531,72.87000274658203,72.94999694824219,73.70999908447266,2224300.0,58.942562103271484
2010-12-01,75.5,74.2699966430664,74.52999877929688,75.05999755859375,1414600.0,60.02207946777344
2010-12-02,75.81999969482422,74.8499984741211,75.05000305175781,75.80999755859375,1385400.0,60.62183380126953
2010-12-03,76.41999816894531,75.45999908447266,75.6500015258789,76.3499984741211,751800.0,61.05364227294922
2010-12-06,76.4800033569336,75.75,76.31999969482422,75.94000244140625,1398600.0,60.72577667236328
2010-12-07,76.75,76.05000305175781,76.45999908447266,76.43000030517578,1192200.0,61.11762619018555
2010-12-08,77.18000030517578,76.18000030517578,76.44000244140625,77.1500015258789,1110400.0,61.69336700439453
2010-12-09,78.05999755859375,77.08000183105469,77.33000183105469,77.76000213623047,1288400.0,62.181148529052734
2010-12-10,78.20999908447266,77.23999786376953,77.94999694824219,78.12000274658203,1058400.0,62.70289993286133
2010-12-13,78.48999786376953,77.70999908447266,78.36000061035156,78.06999969482422,897100.0,62.662723541259766
2010-12-14,78.70999908447266,78.0199966430664,78.33999633789062,78.45999908447266,736300.0,62.97576904296875
2010-12-15,79.20999908447266,78.20999908447266,78.29000091552734,78.5199966430664,1169100.0,63.02393341064453
2010-12-16,79.55999755859375,78.11000061035156,78.37000274658203,79.19999694824219,1195200.0,63.80539321899414
2010-12-17,79.4800033569336,78.11000061035156,78.5999984741211,79.0,2765000.0,63.64427185058594
2010-12-20,79.29000091552734,78.25,79.13999938964844,79.0,1301700.0,63.64427185058594
2010-12-21,80.61000061035156,79.11000061035156,79.27999877929688,80.02999877929688,959900.0,64.47406768798828
2010-12-22,80.23999786376953,79.55999755859375,79.88999938964844,79.91000366210938,842100.0,64.37739562988281
2010-12-23,80.06999969482422,79.5199966430664,79.68000030517578,79.70999908447266,637700.0,64.21624755859375
2010-12-27,80.05999755859375,79.30000305175781,79.5,79.76000213623047,536900.0,64.25654602050781
2010-12-28,80.2300033569336,79.20999908447266,79.76000213623047,79.69000244140625,675200.0,64.20015716552734
2010-12-29,81.0199966430664,79.62000274658203,80.0,80.5,1035400.0,64.85269165039062
2010-12-30,80.62999725341797,79.7300033569336,80.5,80.08000183105469,839700.0,64.51435852050781
2010-12-31,80.48999786376953,79.63999938964844,79.91999816894531,80.19000244140625,1182100.0,64.60295867919922
2011-01-03,82.05000305175781,80.91000366210938,80.91000366210938,81.51000213623047,1718400.0,65.66638946533203
2011-01-04,80.87000274658203,80.05000305175781,80.31999969482422,80.44999694824219,1758900.0,64.81241607666016
2011-01-05,80.48999786376953,79.16000366210938,79.20999908447266,79.87999725341797,1984100.0,64.35321044921875
2011-01-06,80.26000213623047,79.19000244140625,79.79000091552734,79.63999938964844,1618600.0,64.15987396240234
2011-01-07,80.3499984741211,79.16000366210938,79.91000366210938,79.55999755859375,1782400.0,64.09541320800781
2011-01-10,79.83000183105469,78.69999694824219,79.23999786376953,79.58000183105469,1533300.0,64.11156463623047
2011-01-11,80.08999633789062,78.94000244140625,79.70999908447266,79.51000213623047,764600.0,64.0551528930664
2011-01-12,79.94999694824219,79.54000091552734,79.91000366210938,79.75,616500.0,64.24850463867188
2011-01-13,79.95999908447266,79.12000274658203,79.62000274658203,79.37999725341797,596800.0,63.95043182373047
2011-01-14,79.66000366210938,78.81999969482422,79.31999969482422,78.87999725341797,1479100.0,63.54759979248047
2011-01-18,79.48999786376953,78.97000122070312,79.05999755859375,79.33000183105469,924700.0,63.910125732421875
2011-01-19,79.01000213623047,77.38999938964844,79.01000213623047,77.72000122070312,1618500.0,62.61305618286133
2011-01-20,78.5,77.41999816894531,77.81999969482422,77.80000305175781,1154200.0,62.67752456665039
2011-01-21,78.05000305175781,77.20999908447266,78.05000305175781,77.62000274658203,1008100.0,62.532508850097656
2011-01-24,78.12000274658203,77.29000091552734,77.73999786376953,77.75,731300.0,62.637245178222656
2011-01-25,77.87999725341797,76.81999969482422,77.36000061035156,77.83000183105469,1093800.0,62.701698303222656
2011-01-26,78.37000274658203,77.45999908447266,77.8499984741211,78.12000274658203,903600.0,62.935340881347656
2011-01-27,78.13999938964844,77.66000366210938,77.8499984741211,77.73999786376953,1391100.0,62.629180908203125
2011-01-28,78.08000183105469,75.9000015258789,77.9800033569336,76.02999877929688,1670600.0,61.25156784057617
2011-01-31,77.27999877929688,75.8499984741211,76.11000061035156,77.08999633789062,1224400.0,62.105506896972656
2011-02-01,78.63999938964844,77.2699966430664,77.43000030517578,78.19999694824219,1725300.0,62.999752044677734
2011-02-02,78.19999694824219,73.69999694824219,75.19999694824219,73.73999786376953,5322600.0,59.406715393066406
2011-02-03,75.06999969482422,73.56999969482422,73.5999984741211,74.44000244140625,2037200.0,59.97063064575195
2011-02-04,74.4000015258789,73.30999755859375,74.4000015258789,74.05999755859375,1373000.0,59.66448974609375
2011-02-07,74.37000274658203,73.38999938964844,74.05000305175781,74.11000061035156,1132300.0,59.704795837402344
2011-02-08,74.08000183105469,73.01000213623047,74.0199966430664,73.56999969482422,1389700.0,59.26972961425781
2011-02-09,74.08000183105469,73.08000183105469,73.30999755859375,73.91999816894531,816100.0,59.55169677734375
2011-02-10,74.75,73.3499984741211,73.3499984741211,74.5999984741211,1004800.0,60.099510192871094
2011-02-11,75.37000274658203,73.9000015258789,74.11000061035156,75.06999969482422,1527000.0,60.47816848754883
2011-02-14,75.47000122070312,73.87000274658203,75.08000183105469,73.91000366210938,1348800.0,59.54365539550781
2011-02-15,74.37000274658203,73.52999877929688,73.94000244140625,74.05000305175781,1098500.0,59.65644073486328
2011-02-16,75.51000213623047,73.87999725341797,74.0999984741211,74.91999816894531,929700.0,60.35733413696289
2011-02-17,75.44999694824219,74.5199966430664,74.63999938964844,75.01000213623047,758800.0,60.42982864379883
2011-02-18,75.44000244140625,74.79000091552734,75.01000213623047,74.98999786376953,1359900.0,60.413726806640625
2011-02-22,74.5,71.52999877929688,74.44999694824219,71.70999908447266,2409700.0,57.77128601074219
2011-02-23,72.12999725341797,70.33000183105469,71.7300033569336,70.69999694824219,1958800.0,56.95759201049805
2011-02-24,72.25,70.83999633789062,70.91999816894531,71.80999755859375,1758200.0,57.85183334350586
2011-02-25,72.5999984741211,71.44999694824219,71.9800033569336,72.55000305175781,1191300.0,58.44801330566406
2011-02-28,72.9000015258789,72.18000030517578,72.70999908447266,72.38999938964844,1197600.0,58.319091796875
2011-03-01,72.66000366210938,70.31999969482422,72.66000366210938,70.87000274658203,1290900.0,57.09455490112305
2011-03-02,71.86000061035156,70.45999908447266,70.52999877929688,71.41000366210938,1212400.0,57.76595687866211
2011-03-03,73.91999816894531,71.93000030517578,71.94999694824219,73.86000061035156,1671800.0,59.74786376953125
2011-03-04,73.77999877929688,72.13999938964844,73.63999938964844,72.83999633789062,1087300.0,58.9227294921875
2011-03-07,73.27999877929688,70.91999816894531,73.27999877929688,72.22000122070312,1258400.0,58.42119598388672
2011-03-08,73.68000030517578,72.08000183105469,72.25,73.33999633789062,979200.0,59.32720947265625
2011-03-09,73.87000274658203,72.58000183105469,73.05000305175781,73.61000061035156,987600.0,59.54562759399414
2011-03-10,73.63999938964844,71.72000122070312,72.88999938964844,72.69999694824219,1185100.0,58.80950164794922
2011-03-11,73.25,71.83999633789062,72.55999755859375,72.75,606000.0,58.84995651245117
2011-03-14,72.51000213623047,71.4800033569336,72.2699966430664,72.31999969482422,815600.0,58.5020751953125
2011-03-15,72.12999725341797,70.54000091552734,70.55999755859375,71.75,1532000.0,58.04100799560547
2011-03-16,72.05999755859375,70.5999984741211,71.41000366210938,71.08999633789062,1455000.0,57.50710678100586
2011-03-17,72.97000122070312,71.33999633789062,72.48999786376953,71.79000091552734,829100.0,58.073360443115234
2011-03-18,73.02999877929688,72.2699966430664,72.62000274658203,72.66000366210938,1377600.0,58.777137756347656
2011-03-21,73.94999694824219,73.33000183105469,73.55000305175781,73.66999816894531,844600.0,59.594154357910156
2011-03-22,73.7300033569336,70.94000244140625,73.05000305175781,71.55000305175781,3206700.0,57.87919616699219
2011-03-23,71.61000061035156,70.83999633789062,71.44000244140625,71.41999816894531,1965300.0,57.7740478515625
2011-03-24,72.30999755859375,71.38999938964844,71.72000122070312,72.19999694824219,1183500.0,58.4050178527832
2011-03-25,72.88999938964844,71.88999938964844,72.51000213623047,72.5199966430664,1620700.0,58.66386413574219
2011-03-28,72.80999755859375,72.33000183105469,72.48999786376953,72.6500015258789,1568600.0,58.769039154052734
2011-03-29,73.29000091552734,72.12000274658203,72.5999984741211,73.0999984741211,942200.0,59.133052825927734
2011-03-30,73.79000091552734,73.0199966430664,73.41999816894531,73.11000061035156,920700.0,59.14113998413086
2011-03-31,74.19999694824219,72.81999969482422,73.06999969482422,74.12999725341797,1121200.0,59.96626663208008
2011-04-01,75.37000274658203,74.5199966430664,74.55000305175781,74.9000015258789,1280700.0,60.589141845703125
2011-04-04,75.80999755859375,74.87999725341797,75.27999877929688,75.63999938964844,880500.0,61.18773651123047
2011-04-05,75.91999816894531,74.80999755859375,75.44999694824219,75.43000030517578,1118400.0,61.01789093017578
2011-04-06,76.05000305175781,75.08000183105469,75.93000030517578,75.62000274658203,814100.0,61.17156982421875
2011-04-07,75.62000274658203,74.27999877929688,75.36000061035156,74.7699966430664,1120700.0,60.483970642089844
2011-04-08,75.06999969482422,73.73999786376953,75.0,74.27999877929688,950800.0,60.08757781982422
2011-04-11,74.58999633789062,73.30000305175781,74.43000030517578,73.91000366210938,942500.0,59.788307189941406
2011-04-12,74.51000213623047,73.44999694824219,73.54000091552734,74.23999786376953,940300.0,60.05524826049805
2011-04-13,74.75,73.9000015258789,74.6500015258789,74.37000274658203,738600.0,60.160404205322266
2011-04-14,75.5999984741211,73.80000305175781,73.94000244140625,75.38999938964844,1307200.0,60.98552703857422
2011-04-15,76.88999938964844,75.8499984741211,76.1500015258789,76.63999938964844,1588900.0,61.99668502807617
2011-04-18,76.05999755859375,74.91999816894531,76.0199966430664,75.87999725341797,889100.0,61.38190841674805
2011-04-19,76.18000030517578,75.52999877929688,76.04000091552734,76.12000274658203,751200.0,61.57603454589844
2011-04-20,77.91000366210938,76.47000122070312,76.80000305175781,77.11000061035156,1037900.0,62.37686538696289
2011-04-21,78.25,77.19000244140625,77.19999694824219,78.04000091552734,1089700.0,63.129188537597656
2011-04-25,78.69999694824219,77.58999633789062,78.0,78.51000213623047,802500.0,63.5093879699707
2011-04-26,79.70999908447266,78.63999938964844,78.81999969482422,79.23999786376953,1391100.0,64.09992980957031
2011-04-27,80.30999755859375,78.68000030517578,79.06999969482422,80.08999633789062,1643700.0,64.7874984741211
2011-04-28,81.13999938964844,79.94999694824219,80.05000305175781,80.94999694824219,1300000.0,65.48320007324219
2011-04-29,81.52999877929688,80.0999984741211,81.0,80.18000030517578,1741700.0,64.86029815673828
2011-05-02,80.9800033569336,79.63999938964844,80.7699966430664,80.1500015258789,941400.0,64.8360366821289
2011-05-03,80.5999984741211,79.05999755859375,80.19999694824219,79.38999938964844,1000000.0,64.22126007080078
2011-05-04,79.73999786376953,78.61000061035156,79.19999694824219,78.8499984741211,1152100.0,63.78443145751953
2011-05-05,80.0999984741211,78.2699966430664,78.56999969482422,79.26000213623047,1091800.0,64.11609649658203
2011-05-06,80.36000061035156,79.41999816894531,80.18000030517578,79.52999877929688,817400.0,64.33451843261719
2011-05-09,80.43000030517578,79.26000213623047,79.44999694824219,80.30999755859375,931500.0,64.9654769897461
2011-05-10,81.12999725341797,80.30000305175781,80.58999633789062,80.94999694824219,754000.0,65.48320007324219
2011-05-11,81.04000091552734,80.16000366210938,80.86000061035156,80.43000030517578,1003200.0,65.06253051757812
2011-05-12,80.81999969482422,79.5199966430664,80.22000122070312,80.68000030517578,881000.0,65.2647705078125
2011-05-13,80.94000244140625,79.44000244140625,80.86000061035156,79.7699966430664,807600.0,64.52865600585938
2011-05-16,80.30000305175781,79.01000213623047,80.30000305175781,79.80000305175781,958300.0,64.55290985107422
2011-05-17,79.62999725341797,78.66999816894531,79.4800033569336,79.22000122070312,1024100.0,64.083740234375
2011-05-18,80.45999908447266,78.5999984741211,79.29000091552734,80.23999786376953,818700.0,64.9088363647461
2011-05-19,81.20999908447266,80.12000274658203,80.5,80.80000305175781,893000.0,65.36186218261719
2011-05-20,81.0,80.2300033569336,80.7300033569336,80.56999969482422,773300.0,65.1758041381836
2011-05-23,80.16000366210938,79.0999984741211,79.55999755859375,79.9800033569336,802600.0,64.6985092163086
2011-05-24,80.18000030517578,79.22000122070312,80.05999755859375,79.56999969482422,878900.0,64.36688232421875
2011-05-25,79.91000366210938,79.0999984741211,79.51000213623047,79.62000274658203,1005200.0,64.40729522705078
2011-05-26,80.22000122070312,79.01000213623047,79.52999877929688,79.98999786376953,1018000.0,64.70659637451172
2011-05-27,80.41999816894531,79.62999725341797,79.95999908447266,79.91999816894531,591700.0,64.64999389648438
2011-05-31,80.9000015258789,79.70999908447266,80.58999633789062,80.22000122070312,934100.0,64.89268493652344
2011-06-01,80.5199966430664,78.22000122070312,79.94999694824219,78.22000122070312,837600.0,63.504371643066406
2011-06-02,79.20999908447266,78.19000244140625,78.37999725341797,78.86000061035156,753400.0,64.02397155761719
2011-06-03,78.25,77.33999633789062,78.19000244140625,77.76000213623047,748000.0,63.13090133666992
2011-06-06,77.79000091552734,76.9000015258789,77.38999938964844,76.97000122070312,645600.0,62.48952865600586
2011-06-07,77.4800033569336,76.7300033569336,77.13999938964844,76.83000183105469,657000.0,62.37588882446289
2011-06-08,76.9800033569336,76.04000091552734,76.81999969482422,76.30000305175781,529600.0,61.945594787597656
2011-06-09,76.72000122070312,76.06999969482422,76.36000061035156,76.41999816894531,602900.0,62.04302215576172
2011-06-10,76.37999725341797,75.75,76.30999755859375,75.83000183105469,640000.0,61.56399917602539
2011-06-13,76.38999938964844,75.66999816894531,75.77999877929688,76.11000061035156,769800.0,61.791343688964844
2011-06-14,77.54000091552734,76.48999786376953,76.7300033569336,77.37999725341797,893200.0,62.82240295410156
2011-06-15,77.0,76.13999938964844,76.62000274658203,76.44000244140625,951600.0,62.05924606323242
2011-06-16,77.0,76.05999755859375,76.44000244140625,76.2300033569336,987500.0,61.888771057128906
2011-06-17,77.47000122070312,76.61000061035156,77.26000213623047,76.87999725341797,1562300.0,62.41648864746094
2011-06-20,77.83000183105469,76.6500015258789,76.80000305175781,77.30000305175781,544200.0,62.7574462890625
2011-06-21,78.19999694824219,77.25,77.66999816894531,77.95999908447266,612000.0,63.29330062866211
2011-06-22,78.37999725341797,77.51000213623047,77.80000305175781,77.5999984741211,676900.0,63.001014709472656
2011-06-23,77.58000183105469,76.16999816894531,76.7300033569336,77.41000366210938,969000.0,62.84676742553711
2011-06-24,77.70999908447266,76.05999755859375,77.33000183105469,76.08999633789062,989300.0,61.775115966796875
2011-06-27,76.98999786376953,75.8499984741211,75.94999694824219,76.94999694824219,793800.0,62.473289489746094
2011-06-28,78.22000122070312,76.83000183105469,77.04000091552734,77.9800033569336,522100.0,63.30952072143555
2011-06-29,78.58000183105469,77.7699966430664,78.27999877929688,78.08999633789062,656500.0,63.39882278442383
2011-06-30,79.69000244140625,78.01000213623047,78.19000244140625,78.83999633789062,806600.0,64.00773620605469
2011-07-01,80.98999786376953,78.83999633789062,79.0999984741211,80.62000274658203,978600.0,65.45285034179688
2011-07-05,80.94000244140625,80.0999984741211,80.80000305175781,80.47000122070312,833000.0,65.33106994628906
2011-07-06,81.44999694824219,80.37000274658203,80.5,81.16000366210938,864500.0,65.89126586914062
2011-07-07,82.61000061035156,81.33999633789062,81.66999816894531,82.0999984741211,844700.0,66.65442657470703
2011-07-08,81.83000183105469,81.01000213623047,81.06999969482422,81.4800033569336,827200.0,66.15106201171875
2011-07-11,80.93000030517578,79.8499984741211,80.51000213623047,80.44999694824219,939200.0,65.31484985351562
2011-07-12,80.62000274658203,79.43000030517578,80.47000122070312,79.51000213623047,791000.0,64.55170440673828
2011-07-13,80.5,79.36000061035156,79.98999786376953,79.5999984741211,626800.0,64.62474822998047
2011-07-14,80.0199966430664,78.48999786376953,79.62000274658203,78.91999816894531,692500.0,64.07266235351562
2011-07-15,79.16000366210938,77.77999877929688,79.05999755859375,78.55999755859375,997600.0,63.78038787841797
2011-07-18,78.44000244140625,77.66000366210938,78.30999755859375,78.06999969482422,866400.0,63.38259506225586
2011-07-19,79.44999694824219,78.54000091552734,78.63999938964844,79.30000305175781,599200.0,64.38119506835938
2011-07-20,79.16999816894531,78.26000213623047,79.01000213623047,78.69000244140625,599600.0,63.88594055175781
2011-07-21,80.33000183105469,79.0199966430664,79.0199966430664,79.79000091552734,789500.0,64.77902221679688
2011-07-22,80.97000122070312,79.66999816894531,79.70999908447266,80.43000030517578,870300.0,65.298583984375
2011-07-25,81.45999908447266,79.76000213623047,80.05999755859375,81.20999908447266,1004900.0,65.93187713623047
2011-07-26,80.93000030517578,79.86000061035156,80.93000030517578,80.25,1170200.0,65.15248107910156
2011-07-27,77.0,73.29000091552734,76.81999969482422,73.87999725341797,3916300.0,59.98087692260742
2011-07-28,74.30000305175781,72.51000213623047,73.61000061035156,72.70999908447266,2292600.0,59.03095626831055
2011-07-29,73.2699966430664,71.52999877929688,72.22000122070312,72.30999755859375,1239600.0,58.70624542236328
2011-08-01,73.18000030517578,70.97000122070312,73.18000030517578,71.69000244140625,1096900.0,58.20286560058594
2011-08-02,71.73999786376953,70.1500015258789,71.2699966430664,70.41000366210938,1673100.0,57.163692474365234
2011-08-03,72.13999938964844,70.22000122070312,70.66000366210938,71.51000213623047,1461200.0,58.056724548339844
2011-08-04,71.05000305175781,68.31999969482422,70.48999786376953,68.33999633789062,1642000.0,55.483123779296875
2011-08-05,69.5199966430664,66.54000091552734,69.12000274658203,68.12999725341797,2282300.0,55.3126106262207
2011-08-08,68.19999694824219,64.1500015258789,68.16000366210938,64.26000213623047,2735800.0,52.17069625854492
2011-08-09,67.7300033569336,63.150001525878906,67.38999938964844,65.0,6686900.0,52.7714729309082
2011-08-10,65.04000091552734,62.29999923706055,64.18000030517578,62.95000076293945,4139900.0,51.107139587402344
2011-08-11,67.12999725341797,63.189998626708984,63.27000045776367,66.08000183105469,1779400.0,53.64829635620117
2011-08-12,68.87999725341797,66.12999725341797,66.43000030517578,68.4000015258789,2155900.0,55.53182601928711
2011-08-15,68.80999755859375,67.38999938964844,68.5,68.48999786376953,1013300.0,55.60489273071289
2011-08-16,68.19999694824219,66.73999786376953,67.93000030517578,67.4800033569336,1203300.0,54.784889221191406
2011-08-17,68.05000305175781,66.47000122070312,67.61000061035156,67.19999694824219,1051200.0,54.55758285522461
2011-08-18,66.05000305175781,63.59000015258789,65.55999755859375,64.23999786376953,1891900.0,52.15444564819336
2011-08-19,64.80999755859375,63.130001068115234,63.38999938964844,63.66999816894531,1687000.0,51.69167709350586
2011-08-22,65.47000122070312,64.04000091552734,64.98999786376953,64.52999877929688,1022300.0,52.389892578125
2011-08-23,66.70999908447266,64.0999984741211,64.61000061035156,66.51000213623047,1236200.0,53.99739074707031
2011-08-24,67.58999633789062,66.06999969482422,66.30000305175781,67.47000122070312,974000.0,54.77678680419922
2011-08-25,68.20999908447266,66.06999969482422,67.72000122070312,66.30999755859375,1353800.0,53.834999084472656
2011-08-26,68.11000061035156,64.58000183105469,66.08999633789062,67.98999786376953,1391400.0,55.1989631652832
2011-08-29,70.5,68.79000091552734,68.88999938964844,70.47000122070312,1291600.0,57.21237564086914
2011-08-30,71.80999755859375,70.16999816894531,70.30999755859375,71.27999877929688,1343700.0,57.870018005371094
2011-08-31,72.19000244140625,69.93000030517578,71.5999984741211,70.5,1006600.0,57.47055435180664
2011-09-01,71.37000274658203,69.16000366210938,70.54000091552734,69.3499984741211,1226800.0,56.533084869384766
2011-09-02,68.3499984741211,66.51000213623047,68.11000061035156,66.98999786376953,1256800.0,54.6092643737793
2011-09-06,65.54000091552734,64.44000244140625,65.25,65.4000015258789,2083400.0,53.313114166259766
2011-09-07,68.01000213623047,66.18000030517578,66.2699966430664,68.0,960200.0,55.432594299316406
2011-09-08,68.30000305175781,66.9000015258789,67.52999877929688,67.08999633789062,1139500.0,54.69077682495117
2011-09-09,67.18000030517578,65.94000244140625,66.44000244140625,66.55000305175781,1437900.0,54.250579833984375
2011-09-12,66.88999938964844,64.94000244140625,65.5199966430664,66.75,1330600.0,54.41362762451172
2011-09-13,68.45999908447266,66.80999755859375,66.94999694824219,67.93000030517578,1215600.0,55.375545501708984
2011-09-14,70.0,66.87000274658203,68.33999633789062,69.08999633789062,1293600.0,56.32115936279297
2011-09-15,70.19000244140625,68.98999786376953,70.05000305175781,69.9800033569336,1076100.0,57.04666519165039
2011-09-16,70.70999908447266,69.29000091552734,70.31999969482422,70.31999969482422,1727600.0,57.3238410949707
2011-09-19,70.41999816894531,68.87999725341797,69.52999877929688,70.04000091552734,872500.0,57.0955810546875
2011-09-20,70.55000305175781,69.08999633789062,70.41000366210938,69.13999938964844,1133800.0,56.36191940307617
2011-09-21,69.1500015258789,66.45999908447266,69.1500015258789,66.45999908447266,1118200.0,54.17721176147461
2011-09-22,66.06999969482422,64.30999755859375,65.0999984741211,65.19000244140625,1924000.0,53.141937255859375
2011-09-23,66.2699966430664,64.38999938964844,64.69000244140625,66.0199966430664,1306100.0,53.81854248046875
2011-09-26,68.22000122070312,66.0,66.33999633789062,68.1500015258789,1131200.0,55.55488204956055
2011-09-27,70.22000122070312,68.58999633789062,69.47000122070312,69.05999755859375,1025700.0,56.29669952392578
2011-09-28,69.61000061035156,67.51000213623047,68.91999816894531,67.52999877929688,692000.0,55.049461364746094
2011-09-29,69.4800033569336,66.91000366210938,68.76000213623047,68.37000274658203,802700.0,55.73420715332031
2011-09-30,68.86000061035156,66.91000366210938,67.7699966430664,68.47000122070312,2187600.0,55.815738677978516
2011-10-03,69.55000305175781,66.18000030517578,67.80999755859375,66.2699966430664,1709100.0,54.02232360839844
2011-10-04,67.97000122070312,64.9000015258789,65.61000061035156,67.88999938964844,1448400.0,55.342918395996094
2011-10-05,70.97000122070312,67.79000091552734,68.22000122070312,70.58999633789062,1430600.0,57.543941497802734
2011-10-06,72.1500015258789,70.19000244140625,70.5,71.52999877929688,1122600.0,58.31019973754883
2011-10-07,71.83999633789062,70.41999816894531,71.61000061035156,70.87000274658203,1253200.0,57.772178649902344
2011-10-10,73.08000183105469,71.91000366210938,72.0,73.08000183105469,821900.0,59.57373046875
2011-10-11,73.73999786376953,72.69000244140625,72.69000244140625,73.3499984741211,677500.0,59.79383850097656
2011-10-12,73.3499984741211,72.29000091552734,72.31999969482422,72.43000030517578,1387900.0,59.043880462646484
2011-10-13,72.47000122070312,71.5,72.20999908447266,71.97000122070312,837000.0,58.66887664794922
2011-10-14,73.62000274658203,72.1500015258789,72.87999725341797,73.5,658800.0,59.91610336303711
2011-10-17,73.41999816894531,71.94999694824219,73.12000274658203,72.30999755859375,647100.0,58.94606018066406
2011-10-18,74.58000183105469,71.75,72.30999755859375,73.94999694824219,697800.0,60.282955169677734
2011-10-19,74.41999816894531,73.01000213623047,73.80000305175781,73.44000244140625,1053900.0,59.86719512939453
2011-10-20,73.94000244140625,72.1500015258789,73.48999786376953,73.63999938964844,1014800.0,60.030250549316406
2011-10-21,75.0,73.98999786376953,74.33000183105469,75.0,912800.0,61.138893127441406
2011-10-24,76.76000213623047,75.0999984741211,75.19999694824219,76.3499984741211,1064300.0,62.239383697509766
2011-10-25,75.97000122070312,74.70999908447266,75.73999786376953,74.87999725341797,1375600.0,61.04108810424805
2011-10-26,71.47000122070312,67.0,69.69999694824219,68.75,4486500.0,56.043983459472656
2011-10-27,70.81999969482422,69.54000091552734,70.0,70.26000213623047,1980400.0,57.27490997314453
2011-10-28,71.30000305175781,69.94999694824219,69.94999694824219,70.4000015258789,1348700.0,57.38903045654297
2011-10-31,70.37000274658203,69.38999938964844,69.80000305175781,69.43000030517578,1239100.0,56.59831619262695
2011-11-01,68.73999786376953,66.63999938964844,68.20999908447266,66.9800033569336,1502500.0,54.601112365722656
2011-11-02,68.94999694824219,67.12999725341797,67.87999725341797,68.16999816894531,1118100.0,55.571189880371094
2011-11-03,69.12999725341797,67.66000366210938,68.41000366210938,68.94999694824219,1199200.0,56.207027435302734
2011-11-04,68.91000366210938,67.31999969482422,68.47000122070312,68.72000122070312,1117000.0,56.01952362060547
2011-11-07,69.06999969482422,67.56999969482422,68.41999816894531,68.8499984741211,1251600.0,56.125518798828125
2011-11-08,70.55999755859375,68.91000366210938,69.26000213623047,70.5199966430664,911400.0,57.486873626708984
2011-11-09,69.05000305175781,66.68000030517578,68.93000030517578,67.16000366210938,1401800.0,54.74784469604492
2011-11-10,68.41999816894531,67.1500015258789,68.11000061035156,67.69000244140625,1095300.0,55.179908752441406
2011-11-11,69.0,68.30000305175781,68.58999633789062,68.76000213623047,865900.0,56.05214309692383
2011-11-14,69.05000305175781,67.91999816894531,68.44999694824219,68.2699966430664,426000.0,55.65270233154297
2011-11-15,68.93000030517578,67.87999725341797,68.11000061035156,68.56999969482422,526600.0,55.89726257324219
2011-11-16,68.30999755859375,66.8499984741211,67.91000366210938,66.93000030517578,821600.0,54.560359954833984
2011-11-17,67.26000213623047,65.37999725341797,66.76000213623047,65.6500015258789,1494000.0,53.51691818237305
2011-11-18,66.62999725341797,65.54000091552734,65.63999938964844,66.01000213623047,1258500.0,53.81038284301758
2011-11-21,66.05000305175781,64.73999786376953,65.41999816894531,65.66999816894531,1204800.0,53.533226013183594
2011-11-22,65.91999816894531,64.6500015258789,65.41000366210938,64.7300033569336,1175800.0,52.76695251464844
2011-11-23,64.51000213623047,63.43000030517578,64.20999908447266,63.7400016784668,1001400.0,51.959896087646484
2011-11-25,64.25,63.209999084472656,63.38999938964844,63.630001068115234,600000.0,51.870243072509766
2011-11-28,66.54000091552734,65.25,65.25,65.87000274658203,900000.0,53.69625473022461
2011-11-29,67.0,65.54000091552734,65.91999816894531,65.5999984741211,888400.0,53.476165771484375
2011-11-30,68.54000091552734,67.12000274658203,67.25,68.51000213623047,1757800.0,55.84834671020508
2011-12-01,68.4000015258789,67.58999633789062,68.27999877929688,67.6500015258789,822900.0,55.147281646728516
2011-12-02,68.88999938964844,67.81999969482422,67.95999908447266,67.9800033569336,685900.0,55.41630554199219
2011-12-05,69.5,68.81999969482422,68.93000030517578,69.5,1032300.0,56.65536880493164
2011-12-06,70.22000122070312,68.4000015258789,70.22000122070312,68.54000091552734,1352200.0,55.872802734375
2011-12-07,69.22000122070312,67.80999755859375,68.19000244140625,68.80999755859375,906900.0,56.09288787841797
2011-12-08,68.51000213623047,67.06999969482422,68.51000213623047,67.25,776400.0,54.82121276855469
2011-12-09,68.76000213623047,67.5,67.76000213623047,68.44000244140625,626600.0,55.79128646850586
2011-12-12,68.08000183105469,66.91999816894531,67.93000030517578,67.66000366210938,632600.0,55.155433654785156
2011-12-13,68.52999877929688,66.27999877929688,68.19000244140625,66.69999694824219,733600.0,54.37284851074219
2011-12-14,67.0199966430664,66.22000122070312,66.56999969482422,66.30999755859375,732400.0,54.05492401123047
2011-12-15,67.33999633789062,66.38999938964844,67.13999938964844,66.69000244140625,570500.0,54.36471939086914
2011-12-16,68.26000213623047,66.38999938964844,66.91999816894531,66.58999633789062,1260600.0,54.553123474121094
2011-12-19,67.48999786376953,65.29000091552734,67.08999633789062,65.44000244140625,623100.0,53.61100769042969
2011-12-20,68.31999969482422,66.29000091552734,66.41999816894531,68.2300033569336,909500.0,55.89668273925781
2011-12-21,68.6500015258789,67.58999633789062,68.41999816894531,68.48999786376953,686000.0,56.10968017578125
2011-12-22,69.87000274658203,68.77999877929688,68.77999877929688,69.36000061035156,877200.0,56.82242202758789
2011-12-23,70.11000061035156,69.5199966430664,69.69000244140625,70.0199966430664,492200.0,57.36311340332031
2011-12-27,71.01000213623047,69.62999725341797,69.9000015258789,70.7300033569336,466200.0,57.944786071777344
2011-12-28,70.91999816894531,69.41999816894531,70.81999969482422,69.55000305175781,614100.0,56.97808837890625
2011-12-29,70.12999725341797,69.38999938964844,69.87000274658203,70.08000183105469,501100.0,57.412288665771484
2011-12-30,70.5,69.75,70.22000122070312,69.77999877929688,407200.0,57.1665153503418
2012-01-03,71.76000213623047,69.69999694824219,71.41999816894531,69.83999633789062,1119900.0,57.215675354003906
2012-01-04,69.69999694824219,68.69000244140625,69.69999694824219,68.72000122070312,864100.0,56.29810333251953
2012-01-05,67.97000122070312,66.5,67.70999908447266,67.80999755859375,1698800.0,55.55259704589844
2012-01-06,68.36000061035156,67.66999816894531,67.80000305175781,67.9800033569336,724100.0,55.6918830871582
2012-01-09,68.1500015258789,67.26000213623047,68.04000091552734,67.58000183105469,782500.0,55.36418914794922
2012-01-10,68.94000244140625,67.33000183105469,68.38999938964844,67.37000274658203,1131400.0,55.19212341308594
2012-01-11,67.66999816894531,65.91999816894531,67.25,66.5199966430664,1774800.0,54.495784759521484
2012-01-12,67.02999877929688,66.29000091552734,66.68000030517578,66.33999633789062,1043000.0,54.34832000732422
2012-01-13,66.86000061035156,65.27999877929688,66.37000274658203,66.7300033569336,1027200.0,54.66783142089844
2012-01-17,67.19999694824219,66.0199966430664,67.0,66.47000122070312,827700.0,54.4548225402832
2012-01-18,67.33000183105469,66.2699966430664,66.48999786376953,67.29000091552734,933300.0,55.12659454345703
2012-01-19,68.91000366210938,67.27999877929688,67.30000305175781,68.87000274658203,1257500.0,56.42098617553711
2012-01-20,68.87000274658203,67.36000061035156,68.87000274658203,67.66000366210938,1405400.0,55.42971420288086
2012-01-23,68.2300033569336,66.79000091552734,67.55999755859375,68.05000305175781,1278200.0,55.74921798706055
2012-01-24,67.9800033569336,67.23999786376953,67.80999755859375,67.62999725341797,1338400.0,55.405128479003906
2012-01-25,68.16000366210938,67.0,67.43000030517578,68.11000061035156,1294000.0,55.798362731933594
2012-01-26,69.88999938964844,68.30000305175781,68.52999877929688,69.47000122070312,1599300.0,56.91254806518555
2012-01-27,69.36000061035156,68.20999908447266,69.33000183105469,68.5199966430664,1456000.0,56.134273529052734
2012-01-30,68.30000305175781,67.75,68.2699966430664,67.93000030517578,1187300.0,55.650917053222656
2012-01-31,68.94000244140625,67.4000015258789,68.23999786376953,68.83999633789062,1783200.0,56.39641571044922
2012-02-01,65.19999694824219,63.369998931884766,64.9000015258789,64.01000213623047,6750500.0,52.43949508666992
2012-02-02,65.48999786376953,63.9900016784668,64.87000274658203,64.0,2778700.0,52.43130874633789
2012-02-03,65.0,64.29000091552734,64.77999877929688,64.41999816894531,1369500.0,52.77538299560547
2012-02-06,64.27999877929688,63.880001068115234,64.06999969482422,64.04000091552734,1242900.0,52.46406936645508
2012-02-07,64.29000091552734,63.47999954223633,63.97999954223633,64.08999633789062,944300.0,52.505043029785156
2012-02-08,64.19999694824219,63.43000030517578,63.9900016784668,63.599998474121094,1148500.0,52.103607177734375
2012-02-09,63.84000015258789,63.47999954223633,63.84000015258789,63.650001525878906,1351200.0,52.14457321166992
2012-02-10,63.599998474121094,62.84000015258789,63.2599983215332,63.5,1179800.0,52.02168273925781
2012-02-13,64.76000213623047,63.68000030517578,63.77000045776367,64.75,1033400.0,53.04573059082031
2012-02-14,65.4800033569336,64.12000274658203,64.44999694824219,65.4800033569336,1728100.0,53.643768310546875
2012-02-15,65.5999984741211,63.560001373291016,65.55000305175781,63.59000015258789,1847900.0,52.09541320800781
2012-02-16,66.26000213623047,63.79999923706055,63.84000015258789,66.19999694824219,1610900.0,54.23362731933594
2012-02-17,66.30999755859375,65.4800033569336,66.05000305175781,66.11000061035156,1289900.0,54.1599006652832
2012-02-21,66.37999725341797,65.56999969482422,66.37999725341797,66.12000274658203,1048600.0,54.16807556152344
2012-02-22,66.66000366210938,65.94999694824219,66.19999694824219,66.23999786376953,1227600.0,54.266387939453125
2012-02-23,67.79000091552734,66.13999938964844,66.16000366210938,67.5,1138400.0,55.29863739013672
2012-02-24,67.9800033569336,67.05000305175781,67.80000305175781,67.20999908447266,1106500.0,55.06106185913086
2012-02-27,67.47000122070312,66.52999877929688,66.86000061035156,66.93000030517578,1309400.0,54.83168411254883
2012-02-28,67.31999969482422,66.45999908447266,66.98999786376953,66.94000244140625,1093700.0,54.83987045288086
2012-02-29,66.97000122070312,66.08000183105469,66.56999969482422,66.16999816894531,1451600.0,54.47761535644531
2012-03-01,67.4000015258789,66.2300033569336,66.33000183105469,66.8499984741211,1262200.0,55.03746795654297
2012-03-02,66.93000030517578,66.13999938964844,66.72000122070312,66.22000122070312,857200.0,54.51876449584961
2012-03-05,66.2699966430664,65.37000274658203,66.16000366210938,65.72000122070312,893400.0,54.10714340209961
2012-03-06,65.30000305175781,64.68000030517578,65.25,64.9000015258789,1030400.0,53.432029724121094
2012-03-07,65.2300033569336,64.52999877929688,65.12999725341797,65.05999755859375,739500.0,53.563751220703125
2012-03-08,65.93000030517578,65.05000305175781,65.43000030517578,65.76000213623047,765300.0,54.14006423950195
2012-03-09,66.38999938964844,65.30999755859375,65.91999816894531,66.3499984741211,598700.0,54.62580108642578
2012-03-12,66.66000366210938,65.43000030517578,66.62000274658203,65.94000244140625,723000.0,54.28824996948242
2012-03-13,66.66000366210938,65.75,66.3499984741211,66.4000015258789,1270600.0,54.666969299316406
2012-03-14,66.38999938964844,65.20999908447266,66.38999938964844,65.3499984741211,1093900.0,53.802520751953125
2012-03-15,65.51000213623047,64.9000015258789,65.31999969482422,65.3499984741211,2096600.0,53.802520751953125
2012-03-16,65.86000061035156,64.97000122070312,65.13999938964844,65.66999816894531,1740700.0,54.06596755981445
2012-03-19,66.01000213623047,65.43000030517578,65.66000366210938,65.62000274658203,813900.0,54.02479934692383
2012-03-20,65.45999908447266,64.38999938964844,65.37999725341797,64.5,1226900.0,53.10270690917969
2012-03-21,65.08999633789062,63.95000076293945,64.44999694824219,65.0,993500.0,53.51435470581055
2012-03-22,64.63999938964844,63.619998931884766,64.36000061035156,64.5,960500.0,53.10270690917969
2012-03-23,64.76000213623047,63.880001068115234,64.68000030517578,64.41999816894531,606300.0,53.03683853149414
2012-03-26,65.29000091552734,64.69000244140625,65.11000061035156,65.19000244140625,839100.0,53.67078399658203
2012-03-27,65.37000274658203,64.63999938964844,65.13999938964844,65.3499984741211,746100.0,53.802520751953125
2012-03-28,65.61000061035156,64.62999725341797,65.5199966430664,65.11000061035156,719400.0,53.60491180419922
2012-03-29,65.0,64.05999755859375,64.81999969482422,64.76000213623047,1807400.0,53.3167610168457
2012-03-30,65.98999786376953,64.77999877929688,65.01000213623047,65.48999786376953,1357000.0,53.91776657104492
2012-04-02,66.37000274658203,65.33000183105469,65.41000366210938,65.91000366210938,1045600.0,54.26355743408203
2012-04-03,66.02999877929688,65.08999633789062,65.75,65.70999908447266,628300.0,54.09889602661133
2012-04-04,65.63999938964844,64.93000030517578,65.12000274658203,65.5199966430664,805900.0,53.942466735839844
2012-04-05,65.5,64.97000122070312,65.08000183105469,65.12000274658203,707400.0,53.61315155029297
2012-04-09,64.5,63.5,64.48999786376953,64.0,1025100.0,52.69106674194336
2012-04-10,63.70000076293945,63.09000015258789,63.65999984741211,63.34000015258789,1479400.0,52.14768600463867
2012-04-11,64.58000183105469,63.470001220703125,63.869998931884766,64.0,1145700.0,52.69106674194336
2012-04-12,64.87000274658203,63.95000076293945,64.26000213623047,64.52999877929688,1642700.0,53.12739944458008
2012-04-13,64.37999725341797,63.81999969482422,64.19999694824219,64.12999725341797,914100.0,52.7980842590332
2012-04-16,64.95999908447266,63.88999938964844,64.19999694824219,64.80999755859375,840600.0,53.3579216003418
2012-04-17,66.2699966430664,64.93000030517578,64.98999786376953,66.11000061035156,1242000.0,54.42822265625
2012-04-18,67.0,66.2300033569336,66.61000061035156,66.86000061035156,1238400.0,55.04570007324219
2012-04-19,67.30999755859375,65.97000122070312,66.62999725341797,66.13999938964844,1362200.0,54.452911376953125
2012-04-20,66.75,65.1500015258789,65.45999908447266,66.5199966430664,1506600.0,54.76576614379883
2012-04-23,66.0,65.1500015258789,66.0,65.52999877929688,935900.0,53.95069122314453
2012-04-24,66.33999633789062,65.52999877929688,65.87000274658203,65.83000183105469,1185500.0,54.19770431518555
2012-04-25,64.04000091552734,60.0,63.93000030517578,60.90999984741211,8985000.0,50.147071838378906
2012-04-26,60.720001220703125,58.72999954223633,60.380001068115234,59.22999954223633,3176700.0,48.76393127441406
2012-04-27,59.970001220703125,58.90999984741211,59.630001068115234,59.02000045776367,2633700.0,48.59103775024414
2012-04-30,60.0099983215332,59.11000061035156,59.22999954223633,59.7400016784668,2222100.0,49.18381118774414
2012-05-01,61.13999938964844,59.220001220703125,59.720001220703125,60.79999923706055,2219200.0,50.0565071105957
2012-05-02,62.65999984741211,60.5099983215332,60.959999084472656,62.29999923706055,4082100.0,51.29145812988281
2012-05-03,62.279998779296875,61.27000045776367,62.279998779296875,61.41999816894531,2245700.0,50.56694793701172
2012-05-04,61.279998779296875,60.2400016784668,61.279998779296875,60.619998931884766,1401900.0,49.9083137512207
2012-05-07,61.2599983215332,60.25,60.61000061035156,60.86000061035156,1063300.0,50.10590362548828
2012-05-08,61.43000030517578,60.22999954223633,60.540000915527344,61.31999969482422,1558300.0,50.484615325927734
2012-05-09,60.959999084472656,60.0,60.709999084472656,60.66999816894531,1360800.0,49.94947052001953
2012-05-10,61.36000061035156,60.2400016784668,60.95000076293945,60.52000045776367,802000.0,49.82598114013672
2012-05-11,61.130001068115234,60.290000915527344,60.43000030517578,60.810001373291016,827200.0,50.064735412597656
2012-05-14,60.77000045776367,60.099998474121094,60.25,60.45000076293945,833700.0,49.76835632324219
2012-05-15,61.220001220703125,60.20000076293945,60.70000076293945,60.77000045776367,1041800.0,50.03180694580078
2012-05-16,61.459999084472656,60.58000183105469,61.209999084472656,60.619998931884766,1196100.0,49.9083137512207
2012-05-17,60.91999816894531,59.63999938964844,60.54999923706055,59.63999938964844,1205000.0,49.101478576660156
2012-05-18,60.15999984741211,58.75,59.9900016784668,58.880001068115234,1521100.0,48.47577667236328
2012-05-21,59.880001068115234,58.75,59.0099983215332,59.779998779296875,1539000.0,49.21672821044922
2012-05-22,60.369998931884766,59.459999084472656,60.029998779296875,59.849998474121094,1045900.0,49.274375915527344
2012-05-23,60.529998779296875,59.06999969482422,59.40999984741211,60.31999969482422,1500000.0,49.661312103271484
2012-05-24,60.52000045776367,59.369998931884766,60.349998474121094,59.81999969482422,1239200.0,49.249664306640625
2012-05-25,60.060001373291016,59.29999923706055,59.939998626708984,59.689998626708984,1308800.0,49.14263916015625
2012-05-29,61.15999984741211,59.970001220703125,60.16999816894531,60.77000045776367,1181900.0,50.03180694580078
2012-05-30,60.06999969482422,59.08000183105469,60.04999923706055,59.08000183105469,1384400.0,48.906009674072266
2012-05-31,58.83000183105469,57.29999923706055,58.47999954223633,58.2599983215332,2165800.0,48.22722625732422
2012-06-01,58.150001525878906,56.81999969482422,57.209999084472656,56.88999938964844,2531700.0,47.093143463134766
2012-06-04,57.099998474121094,55.88999938964844,56.380001068115234,56.689998626708984,2952800.0,46.92759323120117
2012-06-05,57.02000045776367,55.880001068115234,56.400001525878906,56.619998931884766,1644100.0,46.8696403503418
2012-06-06,58.150001525878906,56.869998931884766,57.029998779296875,58.040000915527344,1300300.0,48.045108795166016
2012-06-07,59.2599983215332,57.4900016784668,58.68000030517578,57.56999969482422,1206900.0,47.656044006347656
2012-06-08,58.060001373291016,57.099998474121094,57.20000076293945,57.91999816894531,1126300.0,47.945762634277344
2012-06-11,58.56999969482422,57.36000061035156,58.349998474121094,57.45000076293945,656000.0,47.55671310424805
2012-06-12,57.970001220703125,57.13999938964844,57.59000015258789,57.91999816894531,847400.0,47.945762634277344
2012-06-13,58.47999954223633,57.209999084472656,57.810001373291016,57.290000915527344,1075100.0,47.42426300048828
2012-06-14,58.2400016784668,57.16999816894531,57.56999969482422,58.02000045776367,1140500.0,48.02854537963867
2012-06-15,58.630001068115234,57.939998626708984,58.220001220703125,58.560001373291016,1195000.0,48.475563049316406
2012-06-18,59.290000915527344,58.11000061035156,58.220001220703125,59.0099983215332,910100.0,48.848060607910156
2012-06-19,59.9900016784668,58.95000076293945,59.0,59.810001373291016,1021700.0,49.51029586791992
2012-06-20,59.93000030517578,58.709999084472656,59.93000030517578,59.310001373291016,800100.0,49.096397399902344
2012-06-21,59.63999938964844,57.810001373291016,59.47999954223633,57.83000183105469,1037400.0,47.871273040771484
2012-06-22,57.689998626708984,56.709999084472656,57.56999969482422,57.369998931884766,1231800.0,47.490482330322266
2012-06-25,57.04999923706055,56.0099983215332,56.79999923706055,56.34000015258789,1023000.0,46.63785171508789
2012-06-26,56.650001525878906,55.349998474121094,56.540000915527344,56.2599983215332,1365500.0,46.57162857055664
2012-06-27,56.970001220703125,56.25,56.47999954223633,56.84000015258789,956300.0,47.0517578125
2012-06-28,56.88999938964844,56.02000045776367,56.400001525878906,56.65999984741211,1032600.0,46.90275573730469
2012-06-29,58.619998931884766,57.43000030517578,57.540000915527344,58.529998779296875,979000.0,48.45072555541992
2012-07-02,61.25,58.0099983215332,58.779998779296875,60.849998474121094,2851200.0,50.3712043762207
2012-07-03,61.959999084472656,60.349998474121094,61.5099983215332,61.86000061035156,1644300.0,51.2072639465332
2012-07-05,61.970001220703125,61.189998626708984,61.970001220703125,61.439998626708984,1183500.0,50.85960006713867
2012-07-06,61.58000183105469,60.09000015258789,61.16999816894531,60.5099983215332,938900.0,50.08974838256836
2012-07-09,61.11000061035156,60.189998626708984,60.459999084472656,60.2400016784668,948200.0,49.86624526977539
2012-07-10,60.939998626708984,59.709999084472656,60.75,59.90999984741211,1027700.0,49.59307098388672
2012-07-11,60.220001220703125,58.9900016784668,59.849998474121094,59.599998474121094,891100.0,49.336463928222656
2012-07-12,59.43000030517578,58.5,59.18000030517578,58.95000076293945,883200.0,48.79840087890625
2012-07-13,60.47999954223633,59.11000061035156,59.11000061035156,60.29999923706055,1565300.0,49.91592025756836
2012-07-16,60.279998779296875,58.849998474121094,60.16999816894531,58.91999816894531,1059000.0,48.77356719970703
2012-07-17,57.9900016784668,56.83000183105469,57.95000076293945,57.95000076293945,1556100.0,47.970603942871094
2012-07-18,59.45000076293945,57.84000015258789,57.86000061035156,59.2400016784668,1334500.0,49.038455963134766
2012-07-19,59.810001373291016,59.04999923706055,59.38999938964844,59.529998779296875,856200.0,49.27851104736328
2012-07-20,59.4900016784668,56.86000061035156,59.4900016784668,56.959999084472656,2106800.0,47.151092529296875
2012-07-23,56.689998626708984,55.5,55.970001220703125,56.58000183105469,1350800.0,46.83652877807617
2012-07-24,56.58000183105469,55.61000061035156,56.290000915527344,56.25,1415300.0,46.563358306884766
2012-07-25,54.189998626708984,50.810001373291016,54.0099983215332,52.22999954223633,6557600.0,43.235626220703125
2012-07-26,53.560001373291016,51.810001373291016,52.90999984741211,52.2400016784668,2146600.0,43.24391174316406
2012-07-27,53.65999984741211,52.72999954223633,52.72999954223633,53.349998474121094,1735200.0,44.16276168823242
2012-07-30,53.65999984741211,53.06999969482422,53.20000076293945,53.25,1171300.0,44.07997512817383
2012-07-31,53.43000030517578,52.79999923706055,52.959999084472656,52.849998474121094,1016900.0,43.74885177612305
2012-08-01,53.189998626708984,51.91999816894531,52.97999954223633,52.849998474121094,1288900.0,43.74885177612305
2012-08-02,53.25,51.970001220703125,52.72999954223633,53.13999938964844,1429200.0,43.98892593383789
2012-08-03,54.27000045776367,53.540000915527344,54.06999969482422,53.599998474121094,1459700.0,44.36970138549805
2012-08-06,54.040000915527344,53.540000915527344,54.0099983215332,53.630001068115234,1050900.0,44.394527435302734
2012-08-07,54.11000061035156,53.65999984741211,54.0,53.7400016784668,1084700.0,44.48558807373047
2012-08-08,54.029998779296875,53.22999954223633,53.5,53.900001525878906,1360000.0,44.618045806884766
2012-08-09,54.02000045776367,53.65999984741211,53.90999984741211,53.79999923706055,992600.0,44.53526306152344
2012-08-10,54.34000015258789,53.599998474121094,53.7599983215332,54.22999954223633,688000.0,44.8912239074707
2012-08-13,54.790000915527344,54.029998779296875,54.06999969482422,54.61000061035156,1029500.0,45.205772399902344
2012-08-14,55.5099983215332,54.56999969482422,54.900001525878906,55.220001220703125,1327800.0,45.71073532104492
2012-08-15,55.939998626708984,55.02000045776367,55.04999923706055,55.900001525878906,773000.0,46.27363586425781
2012-08-16,57.20000076293945,55.79999923706055,56.130001068115234,56.66999816894531,1620900.0,46.911033630371094
2012-08-17,57.08000183105469,56.380001068115234,56.91999816894531,57.040000915527344,1344300.0,47.21731948852539
2012-08-20,57.599998474121094,56.75,57.0099983215332,57.439998626708984,1089300.0,47.548439025878906
2012-08-21,57.83000183105469,57.2400016784668,57.400001525878906,57.40999984741211,1740200.0,47.523597717285156
2012-08-22,57.470001220703125,56.7599983215332,57.31999969482422,57.2599983215332,918600.0,47.39942169189453
2012-08-23,57.25,56.63999938964844,57.25,56.810001373291016,796900.0,47.02692794799805
2012-08-24,57.34000015258789,56.63999938964844,56.790000915527344,57.15999984741211,785600.0,47.316646575927734
2012-08-27,57.41999816894531,56.290000915527344,57.18000030517578,56.529998779296875,624100.0,46.79513931274414
2012-08-28,56.529998779296875,56.0,56.45000076293945,56.099998474121094,1153200.0,46.43919372558594
2012-08-29,57.060001373291016,56.16999816894531,56.290000915527344,57.0,1000600.0,47.1842041015625
2012-08-30,56.70000076293945,56.22999954223633,56.63999938964844,56.2400016784668,1014400.0,46.555084228515625
2012-08-31,57.0099983215332,56.45000076293945,56.77000045776367,56.61000061035156,889600.0,46.86136245727539
2012-09-04,57.0099983215332,56.150001525878906,56.68000030517578,56.630001068115234,1052700.0,46.87792205810547
2012-09-05,56.70000076293945,55.560001373291016,56.380001068115234,56.369998931884766,1329500.0,46.93620300292969
2012-09-06,57.599998474121094,56.59000015258789,56.77000045776367,57.060001373291016,1151500.0,47.51072311401367
2012-09-07,57.5,56.790000915527344,57.290000915527344,57.45000076293945,1830800.0,47.83546447753906
2012-09-10,57.5099983215332,57.18000030517578,57.439998626708984,57.34000015258789,1061800.0,47.743865966796875
2012-09-11,57.630001068115234,57.15999984741211,57.36000061035156,57.470001220703125,1282300.0,47.85211944580078
2012-09-12,57.81999969482422,57.279998779296875,57.470001220703125,57.459999084472656,857000.0,47.843780517578125
2012-09-13,57.619998931884766,56.959999084472656,57.369998931884766,57.2400016784668,1147900.0,47.660606384277344
2012-09-14,57.4900016784668,56.619998931884766,56.77000045776367,57.27000045776367,1629900.0,47.685577392578125
2012-09-17,57.459999084472656,56.709999084472656,57.06999969482422,56.7400016784668,918700.0,47.24428939819336
2012-09-18,56.869998931884766,55.90999984741211,56.540000915527344,56.52000045776367,921100.0,47.06109619140625
2012-09-19,57.47999954223633,56.27000045776367,56.70000076293945,57.400001525878906,960800.0,47.79384231567383
2012-09-20,58.0,56.79999923706055,57.220001220703125,57.54999923706055,2281900.0,47.91872024536133
2012-09-21,57.83000183105469,57.20000076293945,57.5,57.619998931884766,2149100.0,47.977012634277344
2012-09-24,58.56999969482422,57.02000045776367,57.13999938964844,58.56999969482422,1298100.0,48.76802444458008
2012-09-25,60.939998626708984,58.9900016784668,59.13999938964844,59.040000915527344,3298000.0,49.15936279296875
2012-09-26,59.900001525878906,58.81999969482422,59.66999816894531,59.060001373291016,1757800.0,49.17600631713867
2012-09-27,59.400001525878906,58.720001220703125,59.16999816894531,59.27000045776367,891000.0,49.35087585449219
2012-09-28,59.15999984741211,58.11000061035156,59.15999984741211,58.58000183105469,1490000.0,48.77634811401367
2012-10-01,60.31999969482422,58.70000076293945,58.900001525878906,59.099998474121094,1738600.0,49.209320068359375
2012-10-02,59.33000183105469,58.20000076293945,59.16999816894531,58.599998474121094,1197000.0,48.79300308227539
2012-10-03,59.88999938964844,58.849998474121094,58.849998474121094,59.869998931884766,1409200.0,49.850467681884766
2012-10-04,60.290000915527344,59.34000015258789,59.86000061035156,59.900001525878906,958900.0,49.87544250488281
2012-10-05,61.02000045776367,60.060001373291016,60.150001525878906,60.310001373291016,998700.0,50.216819763183594
2012-10-08,60.84000015258789,59.939998626708984,60.58000183105469,59.9900016784668,975700.0,49.950382232666016
2012-10-09,60.439998626708984,59.11000061035156,59.77000045776367,59.369998931884766,1141800.0,49.43413162231445
2012-10-10,59.95000076293945,58.83000183105469,59.5,59.0,1152700.0,49.126060485839844
2012-10-11,59.650001525878906,58.86000061035156,59.4900016784668,58.900001525878906,726400.0,49.042789459228516
2012-10-12,60.90999984741211,59.4900016784668,59.5099983215332,59.939998626708984,1574700.0,49.90873718261719
2012-10-15,60.529998779296875,59.720001220703125,60.13999938964844,60.36000061035156,768800.0,50.258460998535156
2012-10-16,61.5,60.40999984741211,60.90999984741211,60.900001525878906,1031000.0,50.70808792114258
2012-10-17,63.15999984741211,61.33000183105469,63.0,61.689998626708984,1654000.0,51.36587905883789
2012-10-18,61.68000030517578,61.0,61.47999954223633,61.400001525878906,935700.0,51.124412536621094
2012-10-19,61.58000183105469,60.369998931884766,61.5099983215332,60.720001220703125,1490200.0,50.5582160949707
2012-10-22,60.880001068115234,59.630001068115234,60.75,59.849998474121094,1581900.0,49.83381271362305
2012-10-23,61.290000915527344,59.59000015258789,60.880001068115234,60.97999954223633,1869600.0,50.77469253540039
2012-10-24,59.79999923706055,57.15999984741211,58.9900016784668,57.54999923706055,4023000.0,47.91872024536133
2012-10-25,59.36000061035156,57.54999923706055,57.54999923706055,59.099998474121094,1837000.0,49.209320068359375
2012-10-26,59.619998931884766,58.79999923706055,59.0099983215332,59.40999984741211,1539100.0,49.467445373535156
2012-10-31,61.13999938964844,57.970001220703125,59.650001525878906,60.310001373291016,1512100.0,50.216819763183594
2012-11-01,61.86000061035156,59.970001220703125,60.41999816894531,61.56999969482422,1522400.0,51.265953063964844
2012-11-02,62.04999923706055,61.369998931884766,62.04999923706055,61.47999954223633,996900.0,51.19102096557617
2012-11-05,62.150001525878906,61.150001525878906,61.58000183105469,62.029998779296875,809600.0,51.648963928222656
2012-11-06,63.4900016784668,62.11000061035156,62.15999984741211,62.91999816894531,1318300.0,52.39002227783203
2012-11-07,62.560001373291016,61.849998474121094,62.04999923706055,62.220001220703125,1395700.0,51.80718231201172
2012-11-08,62.47999954223633,61.119998931884766,61.970001220703125,61.5,918600.0,51.20767593383789
2012-11-09,62.189998626708984,61.060001373291016,61.4900016784668,61.47999954223633,1199700.0,51.19102096557617
2012-11-12,61.7599983215332,61.13999938964844,61.47999954223633,61.380001068115234,624700.0,51.10774612426758
2012-11-13,62.41999816894531,61.2400016784668,61.290000915527344,61.38999938964844,1224500.0,51.116085052490234
2012-11-14,61.560001373291016,59.68000030517578,61.529998779296875,59.869998931884766,1457300.0,49.850467681884766
2012-11-15,60.04999923706055,59.34000015258789,59.90999984741211,59.529998779296875,1007100.0,49.56735610961914
2012-11-16,59.790000915527344,58.630001068115234,59.4900016784668,59.15999984741211,1065200.0,49.25928497314453
2012-11-19,60.18000030517578,59.279998779296875,59.90999984741211,59.810001373291016,1080700.0,49.80049514770508
2012-11-20,60.11000061035156,59.52000045776367,59.58000183105469,60.06999969482422,628500.0,50.0169792175293
2012-11-21,60.40999984741211,59.970001220703125,60.09000015258789,60.220001220703125,508700.0,50.14188003540039
2012-11-23,60.9900016784668,59.959999084472656,60.13999938964844,60.97999954223633,387000.0,50.77469253540039
2012-11-26,61.47999954223633,60.75,60.790000915527344,61.47999954223633,702000.0,51.19102096557617
2012-11-27,61.77000045776367,60.72999954223633,61.33000183105469,60.83000183105469,957000.0,50.649803161621094
2012-11-28,61.90999984741211,60.40999984741211,60.560001373291016,61.72999954223633,1114200.0,51.39917755126953
2012-11-29,62.56999969482422,61.65999984741211,61.97999954223633,61.970001220703125,1228300.0,51.59901809692383
2012-11-30,62.369998931884766,61.459999084472656,62.220001220703125,61.7400016784668,1357400.0,51.40750503540039
2012-12-03,62.13999938964844,60.68000030517578,62.029998779296875,61.0,780600.0,50.79135513305664
2012-12-04,61.52000045776367,60.75,60.97999954223633,61.02000045776367,797600.0,50.80799102783203
2012-12-05,62.099998474121094,61.060001373291016,61.08000183105469,61.90999984741211,870000.0,51.549049377441406
2012-12-06,61.95000076293945,60.41999816894531,61.63999938964844,60.63999938964844,969300.0,50.49159622192383
2012-12-07,60.970001220703125,60.13999938964844,60.779998779296875,60.599998474121094,783400.0,50.45828628540039
2012-12-10,62.04999923706055,60.720001220703125,60.7599983215332,61.939998626708984,1139600.0,51.57402801513672
2012-12-11,62.810001373291016,61.959999084472656,62.470001220703125,62.2599983215332,1429100.0,51.84047317504883
2012-12-12,62.650001525878906,61.709999084472656,62.56999969482422,61.90999984741211,877300.0,51.549049377441406
2012-12-13,62.38999938964844,61.27000045776367,61.630001068115234,61.63999938964844,605400.0,51.61604309082031
2012-12-14,61.959999084472656,61.400001525878906,61.72999954223633,61.52000045776367,886800.0,51.51557159423828
2012-12-17,62.189998626708984,61.61000061035156,61.779998779296875,62.189998626708984,814600.0,52.07659912109375
2012-12-18,63.93000030517578,62.279998779296875,62.439998626708984,63.54999923706055,1473300.0,53.215431213378906
2012-12-19,64.13999938964844,63.38999938964844,63.720001220703125,63.630001068115234,987400.0,53.28243637084961
2012-12-20,63.959999084472656,63.33000183105469,63.529998779296875,63.7599983215332,1039500.0,53.39128875732422
2012-12-21,63.97999954223633,62.810001373291016,63.0099983215332,63.599998474121094,2277800.0,53.25730895996094
2012-12-24,63.79999923706055,63.18000030517578,63.25,63.31999969482422,358400.0,53.02284240722656
2012-12-26,63.880001068115234,62.9900016784668,63.540000915527344,62.9900016784668,524500.0,52.74651336669922
2012-12-27,63.119998931884766,62.33000183105469,62.95000076293945,62.79999923706055,786700.0,52.587398529052734
2012-12-28,62.849998474121094,62.150001525878906,62.34000015258789,62.150001525878906,651200.0,52.04310989379883
2012-12-31,63.25,62.060001373291016,62.18000030517578,63.220001220703125,727500.0,52.939109802246094
2013-01-02,64.87999725341797,61.650001525878906,64.11000061035156,63.15999984741211,3084300.0,52.88886260986328
2013-01-03,63.15999984741211,61.93000030517578,62.540000915527344,62.34000015258789,2893100.0,52.20221710205078
2013-01-04,63.540000915527344,62.06999969482422,62.150001525878906,63.040000915527344,1273600.0,52.78838348388672
2013-01-07,63.45000076293945,62.5,62.5099983215332,63.150001525878906,1077500.0,52.880489349365234
2013-01-08,63.29999923706055,61.810001373291016,62.810001373291016,63.209999084472656,1734200.0,52.93074035644531
2013-01-09,64.26000213623047,63.0099983215332,63.189998626708984,64.20999908447266,1788100.0,53.76811599731445
2013-01-10,64.87000274658203,64.04000091552734,64.58999633789062,64.37999725341797,1330400.0,53.91047286987305
2013-01-11,64.63999938964844,64.27999877929688,64.4000015258789,64.54000091552734,866400.0,54.0444450378418
2013-01-14,64.98999786376953,64.26000213623047,64.55999755859375,64.80000305175781,1167000.0,54.26216125488281
2013-01-15,65.52999877929688,64.51000213623047,65.02999877929688,65.3499984741211,999600.0,54.72272872924805
2013-01-16,65.36000061035156,64.05000305175781,65.2699966430664,64.7300033569336,1596200.0,54.20355224609375
2013-01-17,64.94000244140625,64.23999786376953,64.87000274658203,64.87999725341797,871700.0,54.32914352416992
2013-01-18,65.55999755859375,64.62999725341797,64.80000305175781,65.51000213623047,1172400.0,54.85670852661133
2013-01-22,66.29000091552734,65.25,65.3499984741211,66.06999969482422,912000.0,55.32563781738281
2013-01-23,66.48999786376953,65.6500015258789,66.05000305175781,65.75,774000.0,55.05766296386719
2013-01-24,67.8499984741211,66.12000274658203,66.3499984741211,67.20999908447266,1637400.0,56.280250549316406
2013-01-25,67.48999786376953,66.58000183105469,67.27999877929688,67.19000244140625,733300.0,56.26350402832031
2013-01-28,67.83000183105469,66.9000015258789,67.52999877929688,67.51000213623047,1658000.0,56.531463623046875
2013-01-29,67.93000030517578,67.0999984741211,67.4800033569336,67.91999816894531,921700.0,56.87477493286133
2013-01-30,67.83999633789062,66.77999877929688,67.68000030517578,67.13999938964844,1034200.0,56.22163772583008
2013-01-31,67.08000183105469,65.0,66.77999877929688,66.1500015258789,2546200.0,55.39263153076172
2013-02-01,67.11000061035156,65.98999786376953,66.75,66.88999938964844,1352400.0,56.01228713989258
2013-02-04,66.93000030517578,65.51000213623047,65.51000213623047,66.02999877929688,1390800.0,55.29214096069336
2013-02-05,67.37999725341797,65.08999633789062,66.08999633789062,67.01000213623047,2064200.0,56.1127815246582
2013-02-06,61.970001220703125,60.0099983215332,61.560001373291016,60.5,6424400.0,50.66142272949219
2013-02-07,60.5,58.75,60.06999969482422,59.93000030517578,4152700.0,50.18413162231445
2013-02-08,59.97999954223633,59.130001068115234,59.36000061035156,59.720001220703125,2604200.0,50.00828552246094
2013-02-11,59.900001525878906,59.189998626708984,59.70000076293945,59.34000015258789,1939400.0,49.6900749206543
2013-02-12,59.560001373291016,58.939998626708984,59.540000915527344,59.130001068115234,1538000.0,49.514225006103516
2013-02-13,59.349998474121094,58.45000076293945,59.27000045776367,58.810001373291016,2011400.0,49.24626159667969
2013-02-14,58.779998779296875,57.93000030517578,58.63999938964844,58.08000183105469,1947200.0,48.63497543334961
2013-02-15,58.310001373291016,57.59000015258789,57.79999923706055,57.779998779296875,2304000.0,48.38376235961914
2013-02-19,58.5099983215332,57.43000030517578,57.95000076293945,58.369998931884766,1932200.0,48.87782287597656
2013-02-20,58.900001525878906,58.20000076293945,58.400001525878906,58.470001220703125,1875200.0,48.96155548095703
2013-02-21,58.310001373291016,57.459999084472656,58.25,57.52000045776367,1777800.0,48.166053771972656
2013-02-22,58.209999084472656,57.709999084472656,57.83000183105469,57.970001220703125,986800.0,48.542869567871094
2013-02-25,58.349998474121094,56.72999954223633,58.189998626708984,56.77000045776367,1302500.0,47.53800582885742
2013-02-26,57.2400016784668,55.810001373291016,56.91999816894531,55.97999954223633,2095200.0,46.87648391723633
2013-02-27,57.56999969482422,55.97999954223633,55.97999954223633,57.189998626708984,2017800.0,48.19101333618164
2013-02-28,57.560001373291016,56.900001525878906,57.189998626708984,57.02000045776367,1993400.0,48.04776382446289
2013-03-01,57.400001525878906,56.61000061035156,56.7400016784668,57.060001373291016,1566200.0,48.08146286010742
2013-03-04,57.2599983215332,56.27000045776367,57.060001373291016,57.060001373291016,1839400.0,48.08146286010742
2013-03-05,57.83000183105469,57.06999969482422,57.16999816894531,57.540000915527344,3039100.0,48.48593521118164
2013-03-06,57.77000045776367,57.150001525878906,57.599998474121094,57.22999954223633,1390100.0,48.22471237182617
2013-03-07,57.81999969482422,56.790000915527344,57.369998931884766,56.93000030517578,1503300.0,47.971927642822266
2013-03-08,57.540000915527344,56.959999084472656,57.15999984741211,57.0,1882200.0,48.030906677246094
2013-03-11,57.52000045776367,56.95000076293945,56.9900016784668,57.0,1552200.0,48.030906677246094
2013-03-12,57.810001373291016,57.04999923706055,57.04999923706055,57.349998474121094,1944200.0,48.32583999633789
2013-03-13,59.15999984741211,57.130001068115234,57.31999969482422,59.06999969482422,2100600.0,49.77519226074219
2013-03-14,59.34000015258789,58.41999816894531,59.06999969482422,59.20000076293945,1222100.0,49.884735107421875
2013-03-15,59.400001525878906,58.43000030517578,58.95000076293945,59.34000015258789,2334500.0,50.00270462036133
2013-03-18,59.779998779296875,58.61000061035156,58.810001373291016,59.189998626708984,1273300.0,49.87630081176758
2013-03-19,59.560001373291016,58.650001525878906,59.20000076293945,59.040000915527344,1352100.0,49.749908447265625
2013-03-20,59.290000915527344,58.61000061035156,59.02000045776367,58.689998626708984,1396100.0,49.45499038696289
2013-03-21,58.7400016784668,57.40999984741211,58.470001220703125,57.439998626708984,1277900.0,48.40167999267578
2013-03-22,58.2400016784668,57.4900016784668,57.650001525878906,58.099998474121094,1487800.0,48.95782470703125
2013-03-25,58.7400016784668,57.650001525878906,58.25,58.56999969482422,1700200.0,49.3538703918457
2013-03-26,59.150001525878906,58.459999084472656,58.5099983215332,59.0099983215332,1171300.0,49.72462844848633
2013-03-27,59.16999816894531,58.5099983215332,58.619998931884766,59.150001525878906,1241100.0,49.84260177612305
2013-03-28,59.47999954223633,58.900001525878906,59.040000915527344,59.459999084472656,1488400.0,50.10381317138672
2013-04-01,59.689998626708984,58.470001220703125,59.5,58.599998474121094,1254500.0,49.379150390625
2013-04-02,59.0,58.45000076293945,59.0,58.63999938964844,1383600.0,49.412837982177734
2013-04-03,58.90999984741211,58.06999969482422,58.59000015258789,58.13999938964844,1446300.0,48.99152755737305
2013-04-04,58.56999969482422,58.08000183105469,58.41999816894531,58.5,1244900.0,49.29486846923828
2013-04-05,59.04999923706055,57.56999969482422,57.939998626708984,58.97999954223633,1206800.0,49.69936752319336
2013-04-08,59.81999969482422,58.599998474121094,59.099998474121094,59.810001373291016,1131100.0,50.39874267578125
2013-04-09,60.45000076293945,59.40999984741211,59.869998931884766,60.2599983215332,1368500.0,50.77793884277344
2013-04-10,61.099998474121094,60.220001220703125,60.43000030517578,60.689998626708984,1500400.0,51.14026641845703
2013-04-11,61.11000061035156,60.33000183105469,60.81999969482422,60.59000015258789,848900.0,51.05601119995117
2013-04-12,59.959999084472656,57.7400016784668,59.349998474121094,59.0,2464700.0,49.71620559692383
2013-04-15,58.95000076293945,57.2599983215332,58.95000076293945,57.5099983215332,1367500.0,48.460662841796875
2013-04-16,57.209999084472656,56.130001068115234,56.790000915527344,57.16999816894531,1607300.0,48.174163818359375
2013-04-17,56.84000015258789,56.02000045776367,56.630001068115234,56.58000183105469,1235400.0,47.676998138427734
2013-04-18,56.83000183105469,55.939998626708984,56.81999969482422,56.25,1130000.0,47.39892578125
2013-04-19,56.77000045776367,55.68000030517578,56.689998626708984,56.33000183105469,1306900.0,47.466339111328125
2013-04-22,57.15999984741211,56.02000045776367,56.54999923706055,57.0099983215332,833900.0,48.0393180847168
2013-04-23,57.709999084472656,57.13999938964844,57.150001525878906,57.40999984741211,1199600.0,48.37639617919922
2013-04-24,58.02000045776367,57.47999954223633,57.68000030517578,57.650001525878906,1296500.0,48.5786247253418
2013-04-25,58.560001373291016,57.84000015258789,57.939998626708984,58.20000076293945,925900.0,49.042076110839844
2013-04-26,58.7599983215332,58.0099983215332,58.08000183105469,58.439998626708984,1093700.0,49.24431610107422
2013-04-29,59.02000045776367,58.400001525878906,58.4900016784668,58.84000015258789,656500.0,49.581390380859375
2013-04-30,59.400001525878906,58.41999816894531,58.91999816894531,59.38999938964844,1406900.0,50.044830322265625
2013-05-01,59.95000076293945,58.810001373291016,59.459999084472656,58.900001525878906,1284900.0,49.631935119628906
2013-05-02,59.619998931884766,58.959999084472656,59.119998931884766,59.369998931884766,944600.0,50.027976989746094
2013-05-03,60.72999954223633,59.84000015258789,59.869998931884766,60.470001220703125,1430700.0,50.95490264892578
2013-05-06,60.709999084472656,60.31999969482422,60.40999984741211,60.369998931884766,1633800.0,50.87062072753906
2013-05-07,61.90999984741211,60.25,60.380001068115234,61.560001373291016,2060300.0,51.873382568359375
2013-05-08,57.900001525878906,56.11000061035156,56.650001525878906,57.2599983215332,4612600.0,48.249996185302734
2013-05-09,57.439998626708984,55.72999954223633,57.189998626708984,56.0,6167300.0,47.18826675415039
2013-05-10,57.369998931884766,56.060001373291016,56.22999954223633,57.0,2383200.0,48.030906677246094
2013-05-13,56.58000183105469,55.79999923706055,56.470001220703125,56.06999969482422,1728000.0,47.24725341796875
2013-05-14,56.869998931884766,56.04999923706055,56.150001525878906,56.869998931884766,1030700.0,47.92136001586914
2013-05-15,57.86000061035156,56.79999923706055,56.939998626708984,57.65999984741211,1089600.0,48.58705520629883
2013-05-16,58.400001525878906,57.5099983215332,57.790000915527344,57.869998931884766,1205300.0,48.76401138305664
2013-05-17,58.33000183105469,57.84000015258789,58.290000915527344,58.31999969482422,965900.0,49.14320373535156
2013-05-20,58.470001220703125,58.08000183105469,58.09000015258789,58.20000076293945,837500.0,49.042076110839844
2013-05-21,59.970001220703125,58.27000045776367,58.33000183105469,59.869998931884766,1829400.0,50.449310302734375
2013-05-22,60.099998474121094,58.869998931884766,59.869998931884766,59.11000061035156,1803000.0,49.80889892578125
2013-05-23,59.5,58.81999969482422,58.91999816894531,59.4900016784668,1015000.0,50.12910461425781
2013-05-24,59.130001068115234,58.119998931884766,59.060001373291016,58.70000076293945,966300.0,49.46340560913086
2013-05-28,59.58000183105469,57.70000076293945,59.5,57.869998931884766,1418300.0,48.76401138305664
2013-05-29,58.060001373291016,57.439998626708984,57.66999816894531,57.66999816894531,1423700.0,48.595481872558594
2013-05-30,57.9900016784668,57.36000061035156,57.810001373291016,57.470001220703125,998800.0,48.42695617675781
2013-05-31,57.2599983215332,56.45000076293945,57.060001373291016,56.70000076293945,2271500.0,47.778106689453125
2013-06-03,57.040000915527344,56.380001068115234,56.72999954223633,57.040000915527344,1064600.0,48.06462097167969
2013-06-04,57.40999984741211,56.25,56.970001220703125,56.5,1250900.0,47.609588623046875
2013-06-05,56.56999969482422,55.95000076293945,56.13999938964844,56.2599983215332,1374500.0,47.70284652709961
2013-06-06,56.689998626708984,55.880001068115234,56.40999984741211,56.310001373291016,955700.0,47.745243072509766
2013-06-07,57.54999923706055,56.400001525878906,56.810001373291016,57.15999984741211,1252400.0,48.465965270996094
2013-06-10,56.810001373291016,55.90999984741211,56.119998931884766,56.810001373291016,1577100.0,48.169212341308594
2013-06-11,56.79999923706055,56.2400016784668,56.31999969482422,56.5,586100.0,47.90635299682617
2013-06-12,57.11000061035156,55.970001220703125,56.7599983215332,56.02000045776367,857700.0,47.49935531616211
2013-06-13,56.95000076293945,55.84000015258789,55.84000015258789,56.720001220703125,1380300.0,48.092891693115234
2013-06-14,57.20000076293945,56.380001068115234,56.75,56.5,1222200.0,47.90635299682617
2013-06-17,57.2400016784668,56.439998626708984,56.959999084472656,56.900001525878906,1036800.0,48.245513916015625
2013-06-18,57.41999816894531,56.709999084472656,57.18000030517578,57.33000183105469,1313200.0,48.610107421875
2013-06-19,57.58000183105469,56.52000045776367,57.400001525878906,56.529998779296875,1165500.0,47.93178939819336
2013-06-20,56.369998931884766,55.310001373291016,56.119998931884766,55.41999816894531,1999300.0,46.99061584472656
2013-06-21,55.72999954223633,54.47999954223633,54.779998779296875,54.790000915527344,5348500.0,46.45644760131836
2013-06-24,54.81999969482422,53.7400016784668,54.560001373291016,54.33000183105469,2219100.0,46.06640625
2013-06-25,55.15999984741211,54.369998931884766,55.08000183105469,54.70000076293945,1925900.0,46.38014602661133
2013-06-26,55.459999084472656,54.720001220703125,55.31999969482422,55.119998931884766,1200500.0,46.736244201660156
2013-06-27,56.119998931884766,55.33000183105469,55.43000030517578,55.72999954223633,1164600.0,47.25345230102539
2013-06-28,56.56999969482422,55.5,55.54999923706055,56.310001373291016,2058400.0,47.745243072509766
2013-07-01,57.0,56.22999954223633,56.86000061035156,56.52000045776367,818300.0,47.92330551147461
2013-07-02,56.88999938964844,56.11000061035156,56.38999938964844,56.459999084472656,919900.0,47.872440338134766
2013-07-03,56.470001220703125,55.88999938964844,56.189998626708984,56.369998931884766,458100.0,47.79612731933594
2013-07-05,57.40999984741211,56.2400016784668,56.75,57.400001525878906,632800.0,48.669471740722656
2013-07-08,58.099998474121094,57.349998474121094,57.529998779296875,58.0099983215332,870100.0,49.186676025390625
2013-07-09,59.06999969482422,58.16999816894531,58.16999816894531,58.38999938964844,779100.0,49.50887680053711
2013-07-10,58.720001220703125,57.83000183105469,58.220001220703125,58.13999938964844,833600.0,49.296905517578125
2013-07-11,59.189998626708984,58.65999984741211,59.029998779296875,58.880001068115234,963400.0,49.92435836791992
2013-07-12,58.75,57.560001373291016,58.5099983215332,57.83000183105469,1361900.0,49.0340576171875
2013-07-15,60.36000061035156,57.869998931884766,57.939998626708984,59.939998626708984,1900000.0,50.8231201171875
2013-07-16,60.54999923706055,59.95000076293945,60.15999984741211,60.22999954223633,1509200.0,51.06901931762695
2013-07-17,60.650001525878906,59.83000183105469,60.529998779296875,60.04999923706055,794700.0,50.9163932800293
2013-07-18,60.81999969482422,60.22999954223633,60.2400016784668,60.70000076293945,849700.0,51.4675407409668
2013-07-19,60.93000030517578,60.41999816894531,60.66999816894531,60.599998474121094,705600.0,51.38273239135742
2013-07-22,61.130001068115234,60.45000076293945,61.119998931884766,60.540000915527344,758800.0,51.33186721801758
2013-07-23,60.900001525878906,59.7400016784668,60.900001525878906,59.880001068115234,761800.0,50.772247314453125
2013-07-24,60.47999954223633,59.279998779296875,60.459999084472656,59.279998779296875,871700.0,50.26350784301758
2013-07-25,59.34000015258789,58.4900016784668,59.2599983215332,59.18000030517578,828900.0,50.1787223815918
2013-07-26,59.439998626708984,58.630001068115234,58.709999084472656,59.38999938964844,479500.0,50.35677719116211
2013-07-29,59.40999984741211,58.869998931884766,59.060001373291016,59.08000183105469,392900.0,50.09392547607422
2013-07-30,59.4900016784668,58.84000015258789,59.25,59.20000076293945,625900.0,50.195682525634766
2013-07-31,60.27000045776367,59.16999816894531,59.36000061035156,59.619998931884766,933000.0,50.551795959472656
2013-08-01,61.349998474121094,59.369998931884766,60.220001220703125,61.06999969482422,1136400.0,51.781253814697266
2013-08-02,60.65999984741211,59.220001220703125,60.56999969482422,59.709999084472656,1678400.0,50.62810516357422
2013-08-05,59.900001525878906,59.099998474121094,59.58000183105469,59.65999984741211,749800.0,50.58572006225586
2013-08-06,60.20000076293945,59.27000045776367,59.5,59.58000183105469,1623000.0,50.51789474487305
2013-08-07,56.91999816894531,55.599998474121094,56.040000915527344,56.310001373291016,4337100.0,47.745243072509766
2013-08-08,56.7400016784668,56.02000045776367,56.349998474121094,56.72999954223633,1372800.0,48.10136413574219
2013-08-09,56.959999084472656,56.45000076293945,56.880001068115234,56.790000915527344,1088700.0,48.152244567871094
2013-08-12,57.13999938964844,56.5099983215332,56.59000015258789,57.060001373291016,906000.0,48.38117599487305
2013-08-13,57.16999816894531,56.18000030517578,57.06999969482422,56.439998626708984,742900.0,47.85548782348633
2013-08-14,56.65999984741211,55.59000015258789,56.34000015258789,55.720001220703125,952300.0,47.244991302490234
2013-08-15,56.0099983215332,55.2599983215332,55.540000915527344,55.880001068115234,1151600.0,47.38064956665039
2013-08-16,56.29999923706055,55.58000183105469,55.75,56.130001068115234,934400.0,47.59263229370117
2013-08-19,56.29999923706055,55.68000030517578,56.15999984741211,56.02000045776367,871500.0,47.49935531616211
2013-08-20,56.810001373291016,55.66999816894531,55.900001525878906,56.459999084472656,819000.0,47.872440338134766
2013-08-21,57.040000915527344,56.150001525878906,56.40999984741211,56.599998474121094,909300.0,47.99114227294922
2013-08-22,57.220001220703125,56.47999954223633,56.52000045776367,56.91999816894531,654800.0,48.2624626159668
2013-08-23,57.290000915527344,56.81999969482422,57.02000045776367,57.20000076293945,911300.0,48.4998779296875
2013-08-26,60.56999969482422,57.900001525878906,57.900001525878906,58.83000183105469,2684900.0,49.8819580078125
2013-08-27,58.56999969482422,57.33000183105469,58.18000030517578,57.61000061035156,1234100.0,48.84752655029297
2013-08-28,57.720001220703125,57.04999923706055,57.58000183105469,57.470001220703125,1184200.0,48.728816986083984
2013-08-29,57.93000030517578,57.2400016784668,57.5099983215332,57.43000030517578,968200.0,48.69490432739258
2013-08-30,57.630001068115234,56.66999816894531,57.619998931884766,56.869998931884766,1009900.0,48.22007369995117
2013-09-03,57.70000076293945,57.20000076293945,57.459999084472656,57.45000076293945,1603000.0,48.71186065673828
2013-09-04,57.59000015258789,56.650001525878906,57.20000076293945,57.5099983215332,999100.0,49.06163024902344
2013-09-05,58.11000061035156,57.130001068115234,57.400001525878906,57.849998474121094,1030600.0,49.35167694091797
2013-09-06,58.16999816894531,57.2400016784668,58.02000045776367,57.70000076293945,1160000.0,49.22372055053711
2013-09-09,58.439998626708984,57.83000183105469,57.83000183105469,58.41999816894531,1250300.0,49.837947845458984
2013-09-10,59.31999969482422,58.630001068115234,58.650001525878906,59.220001220703125,1229300.0,50.52042770385742
2013-09-11,60.2400016784668,59.0099983215332,59.33000183105469,60.0,1645700.0,51.18584060668945
2013-09-12,60.04999923706055,59.369998931884766,59.849998474121094,59.630001068115234,1405900.0,50.87019729614258
2013-09-13,59.88999938964844,58.66999816894531,59.7599983215332,59.130001068115234,1040400.0,50.443641662597656
2013-09-16,60.31999969482422,59.689998626708984,59.77000045776367,60.029998779296875,1015400.0,51.21142578125
2013-09-17,60.77000045776367,59.720001220703125,59.939998626708984,60.38999938964844,1357600.0,51.51854705810547
2013-09-18,62.09000015258789,60.400001525878906,60.56999969482422,61.79999923706055,1680400.0,52.72140884399414
2013-09-19,62.25,61.599998474121094,61.84000015258789,61.619998931884766,1267100.0,52.56785202026367
2013-09-20,62.459999084472656,61.45000076293945,61.66999816894531,62.09000015258789,2808400.0,52.96881866455078
2013-09-23,61.97999954223633,61.029998779296875,61.869998931884766,61.63999938964844,1457600.0,52.58491516113281
2013-09-24,62.13999938964844,61.54999923706055,61.56999969482422,61.709999084472656,1229000.0,52.6446418762207
2013-09-25,61.75,60.869998931884766,61.66999816894531,60.970001220703125,1466100.0,52.013343811035156
2013-09-26,61.5,60.459999084472656,61.22999954223633,60.91999816894531,1333300.0,51.9706916809082
2013-09-27,60.970001220703125,60.380001068115234,60.83000183105469,60.45000076293945,1066100.0,51.56972885131836
2013-09-30,59.849998474121094,58.70000076293945,59.560001373291016,59.59000015258789,2057200.0,50.83607864379883
2013-10-01,60.119998931884766,59.47999954223633,59.709999084472656,59.86000061035156,1329900.0,51.066402435302734
2013-10-02,59.540000915527344,58.86000061035156,59.439998626708984,59.119998931884766,1613800.0,50.43510818481445
2013-10-03,58.97999954223633,57.349998474121094,58.81999969482422,57.7599983215332,2116200.0,49.27488708496094
2013-10-04,58.54999923706055,57.5099983215332,57.83000183105469,58.47999954223633,1090600.0,49.88912582397461
2013-10-07,58.61000061035156,57.099998474121094,57.470001220703125,58.290000915527344,1730300.0,49.727046966552734
2013-10-08,58.16999816894531,57.68000030517578,58.11000061035156,57.779998779296875,1357700.0,49.291961669921875
2013-10-09,58.130001068115234,57.369998931884766,57.7599983215332,58.0,1316400.0,49.47964096069336
2013-10-10,58.810001373291016,57.93000030517578,58.41999816894531,58.54999923706055,1331100.0,49.94884490966797
2013-10-11,58.970001220703125,58.220001220703125,58.27000045776367,58.900001525878906,928400.0,50.2474250793457
2013-10-14,59.61000061035156,58.70000076293945,58.75,59.459999084472656,824200.0,50.725154876708984
2013-10-15,59.43000030517578,58.45000076293945,59.029998779296875,58.77000045776367,1546000.0,50.13652038574219
2013-10-16,59.900001525878906,58.779998779296875,58.880001068115234,58.9900016784668,1324500.0,50.324214935302734
2013-10-17,59.77000045776367,58.65999984741211,58.91999816894531,59.5099983215332,1250300.0,50.767818450927734
2013-10-18,60.5,59.5,59.58000183105469,60.209999084472656,1534000.0,51.364986419677734
2013-10-21,60.61000061035156,60.04999923706055,60.33000183105469,60.560001373291016,933200.0,51.663570404052734
2013-10-22,61.09000015258789,60.2400016784668,60.68000030517578,60.720001220703125,1109100.0,51.800079345703125
2013-10-23,61.02000045776367,60.5099983215332,60.560001373291016,60.900001525878906,786100.0,51.95362854003906
2013-10-24,61.66999816894531,59.880001068115234,60.75,61.119998931884766,1826200.0,52.14130783081055
2013-10-25,61.400001525878906,60.119998931884766,61.400001525878906,60.7599983215332,2152900.0,51.834197998046875
2013-10-28,61.2599983215332,60.52000045776367,60.880001068115234,60.79999923706055,1214200.0,51.868316650390625
2013-10-29,61.0,60.189998626708984,60.939998626708984,60.90999984741211,1199800.0,51.962158203125
2013-10-30,61.04999923706055,60.09000015258789,60.880001068115234,60.27000045776367,1545800.0,51.41617202758789
2013-10-31,60.33000183105469,59.5,60.31999969482422,59.7400016784668,2419500.0,50.96403121948242
2013-11-01,60.68000030517578,59.5,60.04999923706055,59.939998626708984,2066600.0,51.134647369384766
2013-11-04,61.939998626708984,60.06999969482422,60.68000030517578,61.72999954223633,2904100.0,52.66169357299805
2013-11-05,61.75,60.75,61.31999969482422,60.93000030517578,2871800.0,51.979217529296875
2013-11-06,60.970001220703125,58.880001068115234,59.0,60.099998474121094,3286600.0,51.271148681640625
2013-11-07,60.380001068115234,59.439998626708984,60.36000061035156,59.599998474121094,2042800.0,50.844600677490234
2013-11-08,59.7599983215332,59.279998779296875,59.5,59.65999984741211,1440500.0,50.89578628540039
2013-11-11,59.959999084472656,58.959999084472656,59.5099983215332,59.310001373291016,2224700.0,50.597198486328125
2013-11-12,59.34000015258789,58.900001525878906,59.15999984741211,58.91999816894531,2187100.0,50.26449966430664
2013-11-13,59.880001068115234,58.540000915527344,58.720001220703125,59.70000076293945,1881300.0,50.929901123046875
2013-11-14,60.13999938964844,59.70000076293945,59.970001220703125,59.91999816894531,1390100.0,51.117591857910156
2013-11-15,60.439998626708984,59.689998626708984,60.25,59.97999954223633,2131900.0,51.16877746582031
2013-11-18,60.650001525878906,59.95000076293945,60.08000183105469,60.08000183105469,1949400.0,51.25408172607422
2013-11-19,59.959999084472656,58.529998779296875,59.959999084472656,58.95000076293945,3040300.0,50.29008865356445
2013-11-20,58.459999084472656,57.47999954223633,57.84000015258789,57.65999984741211,3949800.0,49.1895866394043
2013-11-21,58.290000915527344,57.38999938964844,57.720001220703125,58.11000061035156,1417200.0,49.5734748840332
2013-11-22,58.88999938964844,58.15999984741211,58.2400016784668,58.68000030517578,1345800.0,50.059749603271484
2013-11-25,59.0099983215332,58.52000045776367,58.939998626708984,58.790000915527344,1072900.0,50.15359115600586
2013-11-26,59.09000015258789,58.45000076293945,58.79999923706055,58.529998779296875,1961400.0,49.931785583496094
2013-11-27,58.939998626708984,58.47999954223633,58.709999084472656,58.70000076293945,1153700.0,50.076812744140625
2013-11-29,59.16999816894531,58.59000015258789,58.779998779296875,58.650001525878906,569500.0,50.03415298461914
2013-12-02,59.11000061035156,58.27000045776367,58.810001373291016,58.47999954223633,1614000.0,49.88912582397461
2013-12-03,58.470001220703125,57.86000061035156,58.220001220703125,58.13999938964844,1639600.0,49.59907531738281
2013-12-04,58.380001068115234,57.470001220703125,57.869998931884766,58.25,2174700.0,49.69291305541992
2013-12-05,58.45000076293945,58.04999923706055,58.189998626708984,58.27000045776367,1264400.0,49.7099723815918
2013-12-06,58.47999954223633,57.34000015258789,58.47999954223633,57.88999938964844,2457300.0,49.38579177856445
2013-12-09,58.36000061035156,57.75,58.08000183105469,57.90999984741211,1365200.0,49.40287399291992
2013-12-10,58.119998931884766,57.52000045776367,57.970001220703125,57.720001220703125,1464800.0,49.240779876708984
2013-12-11,57.81999969482422,57.130001068115234,57.560001373291016,57.369998931884766,1867500.0,48.94219207763672
2013-12-12,57.560001373291016,57.0099983215332,57.34000015258789,57.130001068115234,2123100.0,48.737449645996094
2013-12-13,57.13999938964844,56.11000061035156,56.93000030517578,56.400001525878906,2896800.0,48.41128158569336
2013-12-16,56.7599983215332,55.91999816894531,56.63999938964844,56.20000076293945,1995900.0,48.23960494995117
2013-12-17,56.4900016784668,55.95000076293945,56.189998626708984,56.369998931884766,1795400.0,48.38552474975586
2013-12-18,56.61000061035156,55.93000030517578,56.38999938964844,56.4900016784668,2085900.0,48.488529205322266
2013-12-19,56.72999954223633,56.279998779296875,56.470001220703125,56.47999954223633,1630000.0,48.479942321777344
2013-12-20,57.099998474121094,56.349998474121094,56.400001525878906,56.540000915527344,5227500.0,48.53143310546875
2013-12-23,57.15999984741211,56.5099983215332,56.869998931884766,57.040000915527344,2337800.0,48.96062469482422
2013-12-24,57.27000045776367,56.79999923706055,57.220001220703125,57.040000915527344,999500.0,48.96062469482422
2013-12-26,57.31999969482422,56.90999984741211,57.2599983215332,57.130001068115234,1938400.0,49.037872314453125
2013-12-27,57.779998779296875,56.91999816894531,57.099998474121094,57.720001220703125,1412800.0,49.5443115234375
2013-12-30,58.43000030517578,57.18000030517578,57.18000030517578,58.220001220703125,1267500.0,49.97349548339844
2013-12-31,58.54999923706055,58.09000015258789,58.2400016784668,58.349998474121094,953900.0,50.08506393432617
2014-01-02,58.47999954223633,57.61000061035156,58.209999084472656,57.81999969482422,1501000.0,49.63013458251953
2014-01-03,58.04999923706055,57.06999969482422,58.0099983215332,57.279998779296875,1319600.0,49.16663360595703
2014-01-06,57.7599983215332,56.52000045776367,57.650001525878906,56.61000061035156,2063900.0,48.59153366088867
2014-01-07,57.0,56.38999938964844,56.63999938964844,56.68000030517578,1309800.0,48.651611328125
2014-01-08,56.7400016784668,56.099998474121094,56.689998626708984,56.27000045776367,1516900.0,48.2996940612793
2014-01-09,56.70000076293945,56.119998931884766,56.470001220703125,56.54999923706055,1133300.0,48.54002380371094
2014-01-10,58.27000045776367,56.599998474121094,56.619998931884766,57.70000076293945,2561500.0,49.52714157104492
2014-01-13,58.13999938964844,57.349998474121094,57.45000076293945,57.45000076293945,1771000.0,49.31255340576172
2014-01-14,57.9900016784668,57.029998779296875,57.66999816894531,57.7400016784668,1013300.0,49.56147384643555
2014-01-15,59.45000076293945,57.7400016784668,57.970001220703125,59.34000015258789,3266200.0,50.93484115600586
2014-01-16,59.689998626708984,58.349998474121094,58.349998474121094,59.52000045776367,1567000.0,51.08934020996094
2014-01-17,59.4900016784668,58.7400016784668,59.11000061035156,59.130001068115234,1448900.0,50.75458526611328
2014-01-21,59.70000076293945,58.79999923706055,59.4900016784668,59.65999984741211,1728600.0,51.20952224731445
2014-01-22,60.310001373291016,59.72999954223633,59.84000015258789,60.22999954223633,1738200.0,51.69877624511719
2014-01-23,59.72999954223633,58.209999084472656,59.27000045776367,59.04999923706055,2290000.0,50.68592071533203
2014-01-24,58.91999816894531,57.18000030517578,58.869998931884766,57.209999084472656,2039400.0,49.106544494628906
2014-01-27,57.86000061035156,56.52000045776367,57.36000061035156,57.0,1431900.0,48.92628860473633
2014-01-28,57.4900016784668,56.84000015258789,56.91999816894531,57.45000076293945,1784500.0,49.31255340576172
2014-01-29,58.43000030517578,56.869998931884766,56.959999084472656,57.630001068115234,2240800.0,49.4670524597168
2014-01-30,58.68000030517578,57.689998626708984,57.939998626708984,58.279998779296875,1655100.0,50.02498245239258
2014-01-31,58.90999984741211,57.529998779296875,57.529998779296875,58.540000915527344,2069000.0,50.24815368652344
2014-02-03,58.540000915527344,57.11000061035156,57.90999984741211,57.72999954223633,2807400.0,49.55287551879883
2014-02-04,58.880001068115234,57.459999084472656,58.11000061035156,58.63999938964844,3252400.0,50.33397674560547
2014-02-05,54.5,52.5,53.470001220703125,53.15999984741211,10199900.0,45.63018798828125
2014-02-06,53.150001525878906,52.040000915527344,53.060001373291016,52.47999954223633,3896100.0,45.0465202331543
2014-02-07,53.150001525878906,52.0099983215332,52.90999984741211,52.38999938964844,2922600.0,44.96926498413086
2014-02-10,53.43000030517578,52.29999923706055,52.380001068115234,52.93000030517578,2233700.0,45.43278121948242
2014-02-11,54.0099983215332,52.72999954223633,52.84000015258789,53.869998931884766,2225300.0,46.23963165283203
2014-02-12,54.540000915527344,53.66999816894531,53.939998626708984,53.790000915527344,1666000.0,46.170963287353516
2014-02-13,54.08000183105469,53.5,53.59000015258789,54.029998779296875,1572800.0,46.37697982788086
2014-02-14,54.68000030517578,53.84000015258789,53.88999938964844,54.63999938964844,1366400.0,46.90056610107422
2014-02-18,55.16999816894531,54.33000183105469,54.720001220703125,54.41999816894531,1736000.0,46.71173095703125
2014-02-19,54.86000061035156,53.689998626708984,54.400001525878906,53.77000045776367,1640400.0,46.1537971496582
2014-02-20,54.36000061035156,53.45000076293945,53.720001220703125,54.15999984741211,1463600.0,46.488548278808594
2014-02-21,54.66999816894531,54.099998474121094,54.27000045776367,54.119998931884766,1539300.0,46.454227447509766
2014-02-24,54.47999954223633,53.33000183105469,54.189998626708984,53.34000015258789,1957500.0,45.78470230102539
2014-02-25,53.529998779296875,52.20000076293945,53.11000061035156,52.41999816894531,2602900.0,44.99502182006836
2014-02-26,52.77000045776367,52.25,52.470001220703125,52.52000045776367,1460500.0,45.08085250854492
2014-02-27,52.54999923706055,52.040000915527344,52.40999984741211,52.36000061035156,1491300.0,44.94351577758789
2014-02-28,52.400001525878906,51.619998931884766,52.369998931884766,51.86000061035156,1823100.0,44.51433563232422
2014-03-03,51.9900016784668,51.31999969482422,51.66999816894531,51.75,1867700.0,44.419925689697266
2014-03-04,52.43000030517578,51.970001220703125,52.099998474121094,52.18000030517578,1612900.0,44.789005279541016
2014-03-05,51.91999816894531,51.38999938964844,51.689998626708984,51.7599983215332,1620500.0,44.72852325439453
2014-03-06,52.540000915527344,51.77000045776367,52.040000915527344,52.45000076293945,1408100.0,45.32478713989258
2014-03-07,52.810001373291016,52.08000183105469,52.66999816894531,52.27000045776367,1244700.0,45.16924285888672
2014-03-10,52.66999816894531,52.040000915527344,52.349998474121094,52.56999969482422,1005000.0,45.428489685058594
2014-03-11,52.7400016784668,52.189998626708984,52.650001525878906,52.380001068115234,1189000.0,45.26430892944336
2014-03-12,52.540000915527344,51.95000076293945,52.2400016784668,52.45000076293945,1804500.0,45.32478713989258
2014-03-13,52.810001373291016,51.86000061035156,52.709999084472656,52.08000183105469,1799300.0,45.00505447387695
2014-03-14,52.220001220703125,51.02000045776367,51.849998474121094,51.13999938964844,2377900.0,44.192752838134766
2014-03-17,51.560001373291016,50.97999954223633,51.4900016784668,51.06999969482422,1727500.0,44.13225555419922
2014-03-18,51.34000015258789,50.900001525878906,51.34000015258789,50.959999084472656,1752500.0,44.03720474243164
2014-03-19,50.900001525878906,50.220001220703125,50.83000183105469,50.540000915527344,2590800.0,43.67424774169922
2014-03-20,50.709999084472656,50.209999084472656,50.470001220703125,50.630001068115234,1260300.0,43.75202560424805
2014-03-21,51.15999984741211,50.33000183105469,50.33000183105469,51.029998779296875,3075200.0,44.097694396972656
2014-03-24,51.349998474121094,50.38999938964844,51.06999969482422,50.900001525878906,1429900.0,43.98535919189453
2014-03-25,51.54999923706055,51.06999969482422,51.220001220703125,51.099998474121094,1480100.0,44.15818405151367
2014-03-26,51.400001525878906,50.63999938964844,51.2599983215332,50.650001525878906,1213600.0,43.76931381225586
2014-03-27,51.08000183105469,50.380001068115234,50.619998931884766,51.0,1835400.0,44.07176208496094
2014-03-28,51.59000015258789,50.75,51.130001068115234,50.88999938964844,1439100.0,43.976707458496094
2014-03-31,52.709999084472656,51.40999984741211,51.75,52.38999938964844,2681000.0,45.27293395996094
2014-04-01,52.720001220703125,51.099998474121094,52.709999084472656,52.15999984741211,2969900.0,45.074180603027344
2014-04-02,53.029998779296875,52.06999969482422,52.13999938964844,52.970001220703125,1702300.0,45.77414321899414
2014-04-03,53.310001373291016,52.81999969482422,52.9900016784668,53.029998779296875,1721900.0,45.825984954833984
2014-04-04,53.27000045776367,52.290000915527344,53.25,52.40999984741211,1190000.0,45.290218353271484
2014-04-07,52.59000015258789,52.02000045776367,52.45000076293945,52.040000915527344,1231300.0,44.97048568725586
2014-04-08,52.40999984741211,51.790000915527344,52.0,52.189998626708984,1279100.0,45.10010528564453
2014-04-09,53.0,52.400001525878906,52.470001220703125,52.95000076293945,1447300.0,45.75687026977539
2014-04-10,54.31999969482422,53.0,53.02000045776367,53.79999923706055,3486200.0,46.491397857666016
2014-04-11,55.130001068115234,53.91999816894531,54.400001525878906,54.869998931884766,4514200.0,47.41603469848633
2014-04-14,55.70000076293945,55.150001525878906,55.38999938964844,55.630001068115234,2946400.0,48.072792053222656
2014-04-15,56.06999969482422,54.779998779296875,55.61000061035156,55.599998474121094,2197100.0,48.04685974121094
2014-04-16,56.369998931884766,55.529998779296875,55.75,56.31999969482422,2194200.0,48.669044494628906
2014-04-17,56.88999938964844,56.189998626708984,56.4900016784668,56.7400016784668,1726000.0,49.032005310058594
2014-04-21,57.04999923706055,56.70000076293945,56.88999938964844,57.029998779296875,1002100.0,49.28260803222656
2014-04-22,57.88999938964844,56.790000915527344,57.08000183105469,57.70000076293945,1459100.0,49.86159133911133
2014-04-23,58.0,57.529998779296875,57.709999084472656,57.68000030517578,1301700.0,49.844303131103516
2014-04-24,58.619998931884766,56.90999984741211,58.619998931884766,56.91999816894531,2142400.0,49.187538146972656
2014-04-25,56.95000076293945,56.06999969482422,56.88999938964844,56.279998779296875,2013700.0,48.634490966796875
2014-04-28,57.209999084472656,56.16999816894531,56.56999969482422,56.4900016784668,2182200.0,48.81596374511719
2014-04-29,56.95000076293945,55.7599983215332,56.65999984741211,55.9900016784668,3165600.0,48.383888244628906
2014-04-30,60.189998626708984,58.58000183105469,59.04999923706055,58.900001525878906,6559600.0,50.8985710144043
2014-05-01,58.970001220703125,58.310001373291016,58.880001068115234,58.68000030517578,1647400.0,50.70845413208008
2014-05-02,58.880001068115234,58.209999084472656,58.5099983215332,58.45000076293945,1459800.0,50.50969696044922
2014-05-05,58.369998931884766,57.83000183105469,58.02000045776367,58.20000076293945,1028500.0,50.29365921020508
2014-05-06,58.43000030517578,57.93000030517578,58.25,58.13999938964844,1187400.0,50.2418098449707
2014-05-07,58.70000076293945,57.970001220703125,58.369998931884766,58.220001220703125,1272500.0,50.31095504760742
2014-05-08,58.560001373291016,58.06999969482422,58.099998474121094,58.38999938964844,1779100.0,50.457847595214844
2014-05-09,58.5,58.040000915527344,58.380001068115234,58.29999923706055,861900.0,50.38008499145508
2014-05-12,59.119998931884766,58.45000076293945,58.709999084472656,59.0099983215332,1209700.0,50.993621826171875
2014-05-13,59.4900016784668,58.7400016784668,59.0099983215332,59.060001373291016,1829500.0,51.03682327270508
2014-05-14,58.95000076293945,58.4900016784668,58.86000061035156,58.75,1039000.0,50.76894760131836
2014-05-15,58.90999984741211,58.220001220703125,58.58000183105469,58.849998474121094,1016800.0,50.85536193847656
2014-05-16,58.970001220703125,58.41999816894531,58.86000061035156,58.880001068115234,918300.0,50.88129425048828
2014-05-19,59.58000183105469,58.52000045776367,58.52000045776367,59.52000045776367,1009800.0,51.4343376159668
2014-05-20,59.349998474121094,58.81999969482422,59.349998474121094,59.11000061035156,871600.0,51.08004379272461
2014-05-21,59.40999984741211,59.060001373291016,59.11000061035156,59.31999969482422,886300.0,51.26150894165039
2014-05-22,59.720001220703125,59.08000183105469,59.31999969482422,59.54999923706055,946600.0,51.460262298583984
2014-05-23,59.709999084472656,59.18000030517578,59.56999969482422,59.630001068115234,587600.0,51.52939987182617
2014-05-27,59.95000076293945,58.970001220703125,59.880001068115234,59.2599983215332,1458500.0,51.209659576416016
2014-05-28,59.97999954223633,59.130001068115234,59.380001068115234,59.709999084472656,1451100.0,51.59852981567383
2014-05-29,59.970001220703125,59.52000045776367,59.779998779296875,59.939998626708984,914700.0,51.79728317260742
2014-05-30,59.959999084472656,59.5,59.959999084472656,59.86000061035156,1431200.0,51.728145599365234
2014-06-02,60.060001373291016,59.400001525878906,59.900001525878906,59.779998779296875,1312500.0,51.65901565551758
2014-06-03,59.86000061035156,59.56999969482422,59.65999984741211,59.720001220703125,1150300.0,51.607173919677734
2014-06-04,59.45000076293945,59.09000015258789,59.22999954223633,59.380001068115234,1052100.0,51.615875244140625
2014-06-05,60.470001220703125,59.470001220703125,59.599998474121094,60.439998626708984,1996500.0,52.53726577758789
2014-06-06,61.209999084472656,60.33000183105469,60.38999938964844,61.16999816894531,1852600.0,53.17182159423828
2014-06-09,61.369998931884766,60.790000915527344,61.040000915527344,60.90999984741211,1395600.0,52.94581985473633
2014-06-10,61.75,60.720001220703125,60.90999984741211,61.72999954223633,1492700.0,53.65859603881836
2014-06-11,62.09000015258789,61.27000045776367,61.56999969482422,61.90999984741211,2172500.0,53.81505584716797
2014-06-12,61.97999954223633,61.47999954223633,61.58000183105469,61.81999969482422,1857900.0,53.7368278503418
2014-06-13,62.060001373291016,61.650001525878906,61.880001068115234,62.0099983215332,861300.0,53.90198516845703
2014-06-16,62.5,61.720001220703125,61.93000030517578,62.459999084472656,1198600.0,54.293148040771484
2014-06-17,62.54999923706055,62.0099983215332,62.47999954223633,62.2400016784668,1389100.0,54.10191345214844
2014-06-18,63.65999984741211,62.29999923706055,62.38999938964844,63.529998779296875,2157200.0,55.22323226928711
2014-06-19,63.709999084472656,63.2400016784668,63.43000030517578,63.689998626708984,1254000.0,55.362327575683594
2014-06-20,64.08999633789062,63.58000183105469,64.02999877929688,63.91999816894531,2777200.0,55.5622444152832
2014-06-23,64.04000091552734,63.65999984741211,64.02999877929688,63.810001373291016,1183800.0,55.46662902832031
2014-06-24,64.04000091552734,62.91999816894531,63.560001373291016,62.959999084472656,1636800.0,54.72775650024414
2014-06-25,63.599998474121094,62.90999984741211,62.959999084472656,63.5,1118800.0,55.19716262817383
2014-06-26,63.72999954223633,62.880001068115234,63.470001220703125,63.72999954223633,949100.0,55.39708709716797
2014-06-27,63.970001220703125,63.380001068115234,63.599998474121094,63.79999923706055,901400.0,55.45793914794922
2014-06-30,63.81999969482422,62.599998474121094,62.599998474121094,63.790000915527344,969800.0,55.44924545288086
2014-07-01,64.29000091552734,63.52000045776367,64.06999969482422,63.529998779296875,1186800.0,55.22323226928711
2014-07-02,64.38999938964844,63.29999923706055,63.59000015258789,64.12999725341797,1310400.0,55.744773864746094
2014-07-03,64.38999938964844,63.93000030517578,64.36000061035156,64.37999725341797,751400.0,55.962100982666016
2014-07-07,64.27999877929688,63.90999984741211,64.19000244140625,64.11000061035156,1407100.0,55.72740173339844
2014-07-08,64.31999969482422,63.34000015258789,64.0,63.38999938964844,1846000.0,55.10153579711914
2014-07-09,64.30000305175781,63.790000915527344,63.790000915527344,64.0,1251800.0,55.63179016113281
2014-07-10,63.72999954223633,63.09000015258789,63.09000015258789,63.459999084472656,1553000.0,55.162391662597656
2014-07-11,63.66999816894531,63.290000915527344,63.4900016784668,63.439998626708984,892200.0,55.14501190185547
2014-07-14,63.97999954223633,63.54999923706055,63.63999938964844,63.7400016784668,1467800.0,55.40577697753906
2014-07-15,64.58000183105469,63.77000045776367,63.970001220703125,64.30999755859375,2109500.0,55.9012451171875
2014-07-16,65.20999908447266,64.25,64.48999786376953,65.19999694824219,1434900.0,56.67489242553711
2014-07-17,65.02999877929688,64.0999984741211,64.7699966430664,64.1500015258789,1386400.0,55.76217269897461
2014-07-18,64.9000015258789,64.01000213623047,64.27999877929688,64.87000274658203,1203300.0,56.38802719116211
2014-07-21,65.6500015258789,64.5999984741211,64.7300033569336,65.4800033569336,2290000.0,56.91827392578125
2014-07-22,66.12999725341797,65.66999816894531,65.94000244140625,65.95999908447266,1195100.0,57.33551025390625
2014-07-23,66.5,65.69999694824219,65.91000366210938,66.11000061035156,985600.0,57.46589660644531
2014-07-24,66.6500015258789,65.9800033569336,66.12999725341797,66.5199966430664,903300.0,57.82228088378906
2014-07-25,66.69000244140625,66.08000183105469,66.44000244140625,66.20999908447266,746300.0,57.55282211303711
2014-07-28,66.1500015258789,65.41999816894531,66.08000183105469,65.61000061035156,884200.0,57.031280517578125
2014-07-29,65.61000061035156,64.36000061035156,65.5999984741211,64.41000366210938,2078000.0,55.988182067871094
2014-07-30,69.5,65.7300033569336,68.0,68.52999877929688,5014500.0,59.56947708129883
2014-07-31,68.72000122070312,67.31999969482422,68.0,67.45999908447266,3121000.0,58.639373779296875
2014-08-01,68.02999877929688,67.13999938964844,67.44999694824219,67.69999694824219,2656700.0,58.84799575805664
2014-08-04,68.72000122070312,67.52999877929688,68.06999969482422,68.45999908447266,6262800.0,59.508636474609375
2014-08-05,68.55000305175781,67.05999755859375,68.45999908447266,67.31999969482422,3050100.0,58.517696380615234
2014-08-06,67.06999969482422,66.05000305175781,67.06999969482422,66.22000122070312,2286900.0,57.56150436401367
2014-08-07,67.0199966430664,65.87999725341797,66.63999938964844,66.66999816894531,1446100.0,57.952674865722656
2014-08-08,67.45999908447266,66.26000213623047,66.76000213623047,67.38999938964844,1506200.0,58.57853317260742
2014-08-11,68.12000274658203,67.45999908447266,67.45999908447266,67.51000213623047,1046400.0,58.68284606933594
2014-08-12,67.94999694824219,67.41999816894531,67.48999786376953,67.70999908447266,776600.0,58.856693267822266
2014-08-13,68.13999938964844,67.2300033569336,68.08000183105469,67.5,1488200.0,58.67415237426758
2014-08-14,67.88999938964844,66.95999908447266,67.73999786376953,67.22000122070312,1544100.0,58.43076705932617
2014-08-15,67.66999816894531,66.68000030517578,67.63999938964844,67.16999816894531,2409200.0,58.38728713989258
2014-08-18,68.29000091552734,67.45999908447266,67.45999908447266,68.1500015258789,1081500.0,59.239158630371094
2014-08-19,68.72000122070312,68.16999816894531,68.31999969482422,68.62999725341797,1051000.0,59.65639877319336
2014-08-20,68.88999938964844,68.2300033569336,68.41999816894531,68.66000366210938,1069100.0,59.682472229003906
2014-08-21,68.87999725341797,68.41000366210938,68.66000366210938,68.62000274658203,896600.0,59.64769744873047
2014-08-22,68.7300033569336,68.23999786376953,68.56999969482422,68.44999694824219,698000.0,59.499935150146484
2014-08-25,68.98999786376953,68.5,68.75,68.55999755859375,832800.0,59.59555435180664
2014-08-26,68.86000061035156,68.30999755859375,68.61000061035156,68.44999694824219,1445500.0,59.499935150146484
2014-08-27,68.56999969482422,67.98999786376953,68.56999969482422,68.22000122070312,629800.0,59.30001449584961
2014-08-28,68.30999755859375,67.7300033569336,68.16000366210938,68.05999755859375,994700.0,59.16092300415039
2014-08-29,68.58000183105469,68.08999633789062,68.48999786376953,68.26000213623047,795600.0,59.641483306884766
2014-09-02,68.5,68.08000183105469,68.33999633789062,68.37000274658203,987400.0,59.73759841918945
2014-09-03,67.56999969482422,66.62999725341797,67.56999969482422,66.9000015258789,2892200.0,58.753971099853516
2014-09-04,67.47000122070312,66.91999816894531,66.97000122070312,67.33000183105469,1474700.0,59.13161087036133
2014-09-05,67.8499984741211,66.94000244140625,67.4800033569336,67.76000213623047,1048100.0,59.50925064086914
2014-09-08,68.12000274658203,67.38999938964844,67.83999633789062,67.51000213623047,679500.0,59.28969192504883
2014-09-09,67.69000244140625,66.72000122070312,67.51000213623047,66.91000366210938,1100300.0,58.76275634765625
2014-09-10,67.0199966430664,66.45999908447266,66.73999786376953,66.7300033569336,777100.0,58.604671478271484
2014-09-11,67.02999877929688,66.43000030517578,66.56999969482422,66.98999786376953,1338100.0,58.83301544189453
2014-09-12,67.27999877929688,66.83000183105469,67.06999969482422,67.16999816894531,858200.0,58.991092681884766
2014-09-15,67.27999877929688,66.5999984741211,67.13999938964844,67.05000305175781,779200.0,58.88570785522461
2014-09-16,67.30000305175781,66.86000061035156,67.08999633789062,67.19999694824219,1157200.0,59.01744079589844
2014-09-17,68.22000122070312,67.25,67.41000366210938,68.08000183105469,1308800.0,59.79030227661133
2014-09-18,68.27999877929688,67.83999633789062,68.08000183105469,68.2300033569336,1188600.0,59.92202377319336
2014-09-19,68.56999969482422,67.36000061035156,68.27999877929688,67.81999969482422,1716300.0,59.56195831298828
2014-09-22,67.58000183105469,66.66999816894531,67.58000183105469,66.73999786376953,782600.0,58.61344909667969
2014-09-23,66.81999969482422,66.2699966430664,66.62999725341797,66.44000244140625,939600.0,58.34999084472656
2014-09-24,66.7699966430664,66.05000305175781,66.36000061035156,66.69000244140625,1035400.0,58.569541931152344
2014-09-25,66.62000274658203,65.48999786376953,66.5,65.55999755859375,1109500.0,57.57712936401367
2014-09-26,66.37000274658203,65.5999984741211,65.61000061035156,66.3499984741211,1014700.0,58.270931243896484
2014-09-29,66.62999725341797,65.62999725341797,65.86000061035156,66.44999694824219,1222800.0,58.3587646484375
2014-09-30,66.69999694824219,66.04000091552734,66.29000091552734,66.31999969482422,1412300.0,58.244598388671875
2014-10-01,66.31999969482422,65.1500015258789,66.18000030517578,65.19000244140625,1618400.0,57.252193450927734
2014-10-02,66.19999694824219,64.58999633789062,65.0,66.0999984741211,1924500.0,58.0513801574707
2014-10-03,67.44999694824219,66.41000366210938,66.5199966430664,67.23999786376953,1416200.0,59.05256652832031
2014-10-06,68.0199966430664,66.68000030517578,67.4000015258789,66.7300033569336,797700.0,58.604671478271484
2014-10-07,66.4800033569336,65.41999816894531,66.4800033569336,65.43000030517578,836900.0,57.46296691894531
2014-10-08,66.33000183105469,64.80999755859375,65.2300033569336,66.27999877929688,849800.0,58.20946502685547
2014-10-09,66.6500015258789,65.02999877929688,66.25,65.19999694824219,966800.0,57.26097869873047
2014-10-10,65.37999725341797,64.18000030517578,65.16999816894531,64.62000274658203,1207300.0,56.7515983581543
2014-10-13,65.16999816894531,63.41999816894531,64.1500015258789,63.45000076293945,1496600.0,55.72406005859375
2014-10-14,66.19000244140625,64.62999725341797,64.94999694824219,65.58000183105469,1516700.0,57.59469985961914
2014-10-15,67.30999755859375,64.79000091552734,65.45999908447266,67.0999984741211,2267200.0,58.92961883544922
2014-10-16,67.44000244140625,65.5199966430664,66.2300033569336,66.86000061035156,1461800.0,58.71884536743164
2014-10-17,68.1500015258789,67.20999908447266,67.45999908447266,67.9800033569336,1254100.0,59.70247268676758
2014-10-20,69.0,67.69999694824219,67.69999694824219,68.98999786376953,1548100.0,60.589481353759766
2014-10-21,70.1500015258789,68.8499984741211,69.19000244140625,69.93000030517578,1113600.0,61.41501998901367
2014-10-22,70.5,69.51000213623047,70.11000061035156,69.52999877929688,1365500.0,61.0637321472168
2014-10-23,71.22000122070312,69.98999786376953,70.41999816894531,70.61000061035156,1061300.0,62.01222229003906
2014-10-24,71.30999755859375,70.48999786376953,71.01000213623047,71.1500015258789,1083100.0,62.48647689819336
2014-10-27,72.13999938964844,69.80000305175781,70.38999938964844,71.69999694824219,2279400.0,62.96950149536133
2014-10-28,72.56999969482422,71.5999984741211,71.69999694824219,72.33999633789062,2795000.0,63.53156280517578
2014-10-29,74.94999694824219,71.7699966430664,74.3499984741211,72.0999984741211,3934800.0,63.320796966552734
2014-10-30,72.0999984741211,68.56999969482422,70.56999969482422,69.22000122070312,3322100.0,60.79148483276367
2014-10-31,70.18000030517578,68.27999877929688,70.0999984741211,69.20999908447266,2359000.0,60.782691955566406
2014-11-03,69.44000244140625,67.87999725341797,69.27999877929688,68.69000244140625,1960900.0,60.326011657714844
2014-11-04,70.62000274658203,68.83999633789062,68.93000030517578,70.12000274658203,3034500.0,61.581878662109375
2014-11-05,71.87000274658203,69.95999908447266,70.7699966430664,71.44999694824219,2198200.0,62.74993896484375
2014-11-06,71.9800033569336,70.83000183105469,71.33999633789062,71.5999984741211,1708500.0,62.88166809082031
2014-11-07,71.91000366210938,70.91999816894531,71.91000366210938,71.45999908447266,1012800.0,62.758731842041016
2014-11-10,72.2300033569336,70.94999694824219,71.41000366210938,72.16999816894531,1301300.0,63.38227462768555
2014-11-11,72.1500015258789,71.41999816894531,72.12000274658203,71.75,799100.0,63.01342010498047
2014-11-12,73.01000213623047,71.43000030517578,71.61000061035156,72.86000061035156,1486000.0,63.98825454711914
2014-11-13,73.12000274658203,72.27999877929688,72.27999877929688,73.11000061035156,1126900.0,64.20780181884766
2014-11-14,73.76000213623047,72.80999755859375,73.20999908447266,73.06999969482422,1151000.0,64.17266845703125
2014-11-17,73.16999816894531,72.48999786376953,72.77999877929688,72.5199966430664,988100.0,63.68964767456055
2014-11-18,72.95999908447266,72.3499984741211,72.62999725341797,72.54000091552734,1149400.0,63.707237243652344
2014-11-19,72.63999938964844,71.43000030517578,72.37000274658203,71.4800033569336,1444000.0,62.77629089355469
2014-11-20,72.48999786376953,71.25,71.4000015258789,72.29000091552734,1792600.0,63.4876708984375
2014-11-21,73.33000183105469,72.66000366210938,73.22000122070312,72.81999969482422,1286600.0,63.95311737060547
2014-11-24,73.05000305175781,72.4800033569336,72.87000274658203,72.62000274658203,1022200.0,63.7774772644043
2014-11-25,73.33000183105469,72.69999694824219,72.81999969482422,73.04000091552734,1002400.0,64.1463394165039
2014-11-26,73.68000030517578,73.0199966430664,73.11000061035156,73.4000015258789,834600.0,64.46250915527344
2014-11-28,74.91999816894531,73.47000122070312,74.44000244140625,73.73999786376953,856500.0,64.7611083984375
2014-12-01,73.66999816894531,72.30999755859375,73.38999938964844,72.51000213623047,1044800.0,63.68088150024414
2014-12-02,73.94000244140625,72.70999908447266,73.0999984741211,73.61000061035156,1532500.0,64.6469497680664
2014-12-03,74.72000122070312,73.48999786376953,73.58000183105469,74.56999969482422,1479600.0,65.49004364013672
2014-12-04,74.9000015258789,73.98999786376953,74.56999969482422,74.44999694824219,1145300.0,65.38463592529297
2014-12-05,75.19999694824219,74.37000274658203,74.6500015258789,74.62999725341797,1448800.0,65.54271697998047
2014-12-08,74.7699966430664,73.87000274658203,74.25,74.06999969482422,1452000.0,65.0509262084961
2014-12-09,73.76000213623047,72.55000305175781,73.56999969482422,73.25,1573400.0,64.33077239990234
2014-12-10,73.18000030517578,71.75,72.83999633789062,71.80999755859375,1804000.0,63.066104888916016
2014-12-11,72.91999816894531,71.79000091552734,71.83000183105469,72.4800033569336,1415100.0,63.993167877197266
2014-12-12,72.83999633789062,71.87999725341797,72.2300033569336,72.29000091552734,1369800.0,63.82542419433594
2014-12-15,73.2300033569336,72.05000305175781,72.77999877929688,72.18000030517578,1174500.0,63.7282829284668
2014-12-16,73.1500015258789,71.9000015258789,72.26000213623047,71.91999816894531,831900.0,63.498741149902344
2014-12-17,71.94000244140625,69.13999938964844,71.6500015258789,71.87999725341797,2196100.0,63.463409423828125
2014-12-18,74.1500015258789,72.20999908447266,72.63999938964844,74.06999969482422,1424900.0,65.39698791503906
2014-12-19,76.37999725341797,74.16999816894531,74.16999816894531,76.30999755859375,3423800.0,67.37471008300781
2014-12-22,76.83000183105469,75.7300033569336,76.27999877929688,76.80999755859375,1663100.0,67.81614685058594
2014-12-23,77.37000274658203,76.73999786376953,77.11000061035156,77.0199966430664,701700.0,68.00157928466797
2014-12-24,77.37999725341797,76.69000244140625,77.12999725341797,77.16000366210938,426900.0,68.12517547607422
2014-12-26,77.48999786376953,76.66999816894531,77.25,76.75,653000.0,67.76318359375
2014-12-29,76.73999786376953,75.91000366210938,76.5,76.38999938964844,654900.0,67.4453125
2014-12-30,76.43000030517578,75.62000274658203,76.0,75.69000244140625,1061700.0,66.82730102539062
2014-12-31,76.25,74.8499984741211,76.04000091552734,74.88999938964844,1062600.0,66.12096405029297
2015-01-02,75.23999786376953,73.0199966430664,74.8499984741211,73.83999633789062,2052400.0,65.19391632080078
2015-01-05,73.37000274658203,70.31999969482422,73.37000274658203,70.5999984741211,8418500.0,62.33327865600586
2015-01-06,71.94999694824219,69.2300033569336,71.9000015258789,69.68000030517578,3887700.0,61.521034240722656
2015-01-07,70.31999969482422,69.2300033569336,69.83000183105469,69.70999908447266,2067900.0,61.547515869140625
2015-01-08,72.9000015258789,70.62999725341797,70.66999816894531,72.83999633789062,3016800.0,64.31100463867188
2015-01-09,73.12999725341797,71.72000122070312,72.80000305175781,72.05999755859375,1246000.0,63.62232971191406
2015-01-12,73.55999755859375,71.9800033569336,72.45999908447266,72.9000015258789,1423900.0,64.36398315429688
2015-01-13,74.69000244140625,73.02999877929688,73.36000061035156,73.61000061035156,1776300.0,64.99085235595703
2015-01-14,73.47000122070312,72.37999725341797,73.0199966430664,72.97000122070312,1205400.0,64.42578887939453
2015-01-15,73.5199966430664,72.29000091552734,73.2300033569336,72.51000213623047,1142900.0,64.0196533203125
2015-01-16,73.54000091552734,72.0,72.51000213623047,73.44999694824219,840100.0,64.8495864868164
2015-01-20,73.81999969482422,72.33000183105469,73.6500015258789,72.87000274658203,1151900.0,64.33749389648438
2015-01-21,73.48999786376953,72.30999755859375,72.58000183105469,72.81999969482422,932900.0,64.29335021972656
2015-01-22,74.9000015258789,73.04000091552734,73.29000091552734,74.7300033569336,1132500.0,65.9797134399414
2015-01-23,74.87999725341797,74.06999969482422,74.5199966430664,74.12000274658203,919700.0,65.44112396240234
2015-01-26,74.68000030517578,73.5199966430664,73.83000183105469,74.63999938964844,707900.0,65.90025329589844
2015-01-27,74.11000061035156,73.01000213623047,73.76000213623047,73.73999786376953,1124300.0,65.10560607910156
2015-01-28,74.41999816894531,72.87000274658203,74.08999633789062,72.94000244140625,992600.0,64.39930725097656
2015-01-29,73.37999725341797,71.91999816894531,72.86000061035156,73.30999755859375,1591600.0,64.7259750366211
2015-01-30,73.11000061035156,70.9800033569336,72.62999725341797,71.22000122070312,2436400.0,62.88069534301758
2015-02-02,73.58000183105469,71.69000244140625,72.01000213623047,73.44000244140625,4363700.0,64.84075164794922
2015-02-03,75.48999786376953,73.25,74.63999938964844,75.2300033569336,9185900.0,66.42117309570312
2015-02-04,72.0,67.11000061035156,72.0,70.5,10238700.0,62.244998931884766
2015-02-05,71.47000122070312,70.36000061035156,70.6500015258789,70.97000122070312,3350800.0,62.65997314453125
2015-02-06,71.20999908447266,70.33999633789062,71.19999694824219,70.51000213623047,2365800.0,62.25383758544922
2015-02-09,70.58999633789062,69.83999633789062,70.37999725341797,70.5,1914200.0,62.244998931884766
2015-02-10,71.4800033569336,70.36000061035156,70.9000015258789,71.1500015258789,1757600.0,62.81888961791992
2015-02-11,71.95999908447266,71.16999816894531,71.23999786376953,71.25,1825300.0,62.907196044921875
2015-02-12,72.12999725341797,71.33000183105469,71.55000305175781,71.83000183105469,1415200.0,63.41927719116211
2015-02-13,72.73999786376953,71.93000030517578,72.08999633789062,72.58000183105469,1367000.0,64.0814437866211
2015-02-17,72.47000122070312,71.6500015258789,72.31999969482422,71.80999755859375,1005100.0,63.40159606933594
2015-02-18,72.4000015258789,70.62000274658203,71.48999786376953,71.37999725341797,1243300.0,63.021968841552734
2015-02-19,72.38999938964844,70.98999786376953,71.37999725341797,71.83999633789062,904000.0,63.42808532714844
2015-02-20,72.5999984741211,71.05000305175781,71.61000061035156,72.5,965700.0,64.01081848144531
2015-02-23,73.19999694824219,72.3499984741211,72.52999877929688,73.13999938964844,885100.0,64.57589721679688
2015-02-24,74.0,72.77999877929688,73.05000305175781,73.9800033569336,1181800.0,65.3175048828125
2015-02-25,74.55000305175781,73.4800033569336,74.16000366210938,73.55000305175781,1105600.0,64.93787384033203
2015-02-26,74.26000213623047,73.1500015258789,73.62000274658203,74.20999908447266,1288200.0,65.52059173583984
2015-02-27,74.58999633789062,73.76000213623047,74.0999984741211,74.30000305175781,1620500.0,65.60005950927734
2015-03-02,74.45999908447266,73.41000366210938,74.4000015258789,73.5999984741211,2058400.0,64.98201751708984
2015-03-03,75.20999908447266,74.25,74.5199966430664,74.66999816894531,3108800.0,65.92672729492188
2015-03-04,74.2300033569336,73.7300033569336,74.16000366210938,73.95999908447266,1301100.0,65.63388061523438
2015-03-05,74.30999755859375,73.5999984741211,74.01000213623047,74.12000274658203,932300.0,65.77587127685547
2015-03-06,74.11000061035156,73.38999938964844,73.55999755859375,73.58000183105469,1139700.0,65.2966537475586
2015-03-09,74.19000244140625,73.37000274658203,73.5199966430664,73.91000366210938,973200.0,65.58950805664062
2015-03-10,73.16999816894531,72.31999969482422,73.16000366210938,72.48999786376953,1662300.0,64.32935333251953
2015-03-11,72.55000305175781,71.66000366210938,72.0199966430664,72.4800033569336,1676600.0,64.32049560546875
2015-03-12,74.06999969482422,72.61000061035156,72.66000366210938,73.97000122070312,1125500.0,65.64276123046875
2015-03-13,74.0199966430664,73.0199966430664,73.81999969482422,73.44999694824219,1369500.0,65.18128967285156
2015-03-16,75.43000030517578,73.98999786376953,74.69999694824219,75.3499984741211,1976400.0,66.86739349365234
2015-03-17,75.08999633789062,74.20999908447266,74.69000244140625,74.66000366210938,1165700.0,66.25507354736328
2015-03-18,75.38999938964844,73.76000213623047,74.2300033569336,75.19000244140625,1204900.0,66.72541046142578
2015-03-19,75.45999908447266,74.77999877929688,75.13999938964844,75.16000366210938,1493400.0,66.69880676269531
2015-03-20,76.05999755859375,75.05000305175781,75.6500015258789,75.4000015258789,3329100.0,66.91178131103516
2015-03-23,76.18000030517578,75.66999816894531,75.95999908447266,75.73999786376953,2062900.0,67.21349334716797
2015-03-24,76.01000213623047,74.80999755859375,75.58999633789062,75.05999755859375,2802400.0,66.61003875732422
2015-03-25,75.2300033569336,73.30000305175781,75.05999755859375,73.30999755859375,1560900.0,65.05705261230469
2015-03-26,73.55999755859375,72.43000030517578,72.87999725341797,73.13999938964844,1592800.0,64.90620422363281
2015-03-27,73.26000213623047,72.7699966430664,73.05999755859375,73.02999877929688,1467500.0,64.8085708618164
2015-03-30,73.69999694824219,72.80000305175781,73.11000061035156,73.19999694824219,1700200.0,64.95946502685547
2015-03-31,73.79000091552734,72.6500015258789,73.08999633789062,73.22000122070312,1427300.0,64.9771728515625
2015-04-01,73.08999633789062,71.91999816894531,72.8499984741211,71.98999786376953,1438600.0,63.88566589355469
2015-04-02,72.33000183105469,71.25,72.1500015258789,71.33000183105469,2028500.0,63.29994583129883
2015-04-06,71.62000274658203,70.6500015258789,70.83999633789062,71.27999877929688,1448600.0,63.25558853149414
2015-04-07,72.02999877929688,71.16000366210938,71.43000030517578,71.41000366210938,1211400.0,63.37093734741211
2015-04-08,71.87999725341797,70.33999633789062,71.11000061035156,71.22000122070312,1214100.0,63.20234680175781
2015-04-09,71.87000274658203,71.19000244140625,71.19000244140625,71.63999938964844,1140300.0,63.57506561279297
2015-04-10,72.2699966430664,71.51000213623047,71.83000183105469,72.05999755859375,1039500.0,63.94776916503906
2015-04-13,71.9000015258789,70.2300033569336,71.8499984741211,70.37000274658203,1490000.0,62.448036193847656
2015-04-14,71.0999984741211,69.58000183105469,70.12999725341797,70.77999877929688,1600200.0,62.81187438964844
2015-04-15,71.22000122070312,69.83999633789062,70.75,70.2300033569336,1583700.0,62.32378387451172
2015-04-16,70.16999816894531,69.37999725341797,70.02999877929688,69.51000213623047,1105600.0,61.68482971191406
2015-04-17,68.95999908447266,68.36000061035156,68.72000122070312,68.56999969482422,1847300.0,60.850669860839844
2015-04-20,70.69999694824219,68.86000061035156,69.06999969482422,70.08999633789062,1567200.0,62.19955825805664
2015-04-21,70.87000274658203,70.02999877929688,70.18000030517578,70.54000091552734,1353100.0,62.59889602661133
2015-04-22,70.6500015258789,70.0199966430664,70.48999786376953,70.43000030517578,926500.0,62.50127410888672
2015-04-23,71.0,70.04000091552734,70.05999755859375,70.62000274658203,937000.0,62.66987609863281
2015-04-24,70.91999816894531,70.2300033569336,70.8499984741211,70.6500015258789,1028900.0,62.69649887084961
2015-04-27,69.95999908447266,67.2699966430664,67.5,68.94000244140625,5273600.0,61.17901611328125
2015-04-28,66.5,64.94000244140625,66.1500015258789,65.7300033569336,6254500.0,58.330379486083984
2015-04-29,65.36000061035156,64.01000213623047,64.83000183105469,64.72000122070312,3013400.0,57.434085845947266
2015-04-30,64.72000122070312,64.01000213623047,64.41999816894531,64.38999938964844,2555500.0,57.14122772216797
2015-05-01,65.38999938964844,64.51000213623047,64.72000122070312,64.73999786376953,1895800.0,57.45183181762695
2015-05-04,66.5199966430664,65.30999755859375,65.83000183105469,66.08000183105469,3001100.0,58.640987396240234
2015-05-05,66.01000213623047,63.959999084472656,65.68000030517578,63.9900016784668,1803900.0,56.78626251220703
2015-05-06,64.76000213623047,63.869998931884766,64.44999694824219,64.55000305175781,1639000.0,57.28321838378906
2015-05-07,65.94999694824219,64.44000244140625,64.44000244140625,65.2300033569336,1755000.0,57.886661529541016
2015-05-08,66.83999633789062,65.66000366210938,65.88999938964844,65.69999694824219,1856000.0,58.30376052856445
2015-05-11,66.0,65.0,65.43000030517578,65.2699966430664,1234200.0,57.922157287597656
2015-05-12,65.22000122070312,64.5999984741211,64.97000122070312,64.98999786376953,1130800.0,57.673683166503906
2015-05-13,65.55000305175781,64.41999816894531,64.94999694824219,64.54000091552734,1133600.0,57.27434158325195
2015-05-14,64.91000366210938,64.0999984741211,64.9000015258789,64.37999725341797,1563900.0,57.13235855102539
2015-05-15,65.08999633789062,64.26000213623047,64.55000305175781,64.5199966430664,1043500.0,57.256595611572266
2015-05-18,65.52999877929688,64.33999633789062,64.52999877929688,65.41000366210938,1402500.0,58.04640579223633
2015-05-19,65.7699966430664,64.77999877929688,65.41000366210938,64.86000061035156,1260700.0,57.558326721191406
2015-05-20,64.91999816894531,63.86000061035156,64.83000183105469,63.90999984741211,904100.0,56.71527099609375
2015-05-21,64.48999786376953,63.7400016784668,63.939998626708984,64.26000213623047,1543700.0,57.02587127685547
2015-05-22,64.20999908447266,63.81999969482422,64.08000183105469,64.02999877929688,1066900.0,56.8217658996582
2015-05-26,63.59000015258789,62.68000030517578,63.38999938964844,62.93000030517578,1892800.0,55.84560012817383
2015-05-27,63.54999923706055,62.58000183105469,62.97999954223633,63.36000061035156,1290600.0,56.22719192504883
2015-05-28,63.56999969482422,62.27000045776367,63.310001373291016,62.5,1618100.0,55.4640007019043
2015-05-29,62.689998626708984,61.54999923706055,62.349998474121094,61.72999954223633,2290900.0,54.78068923950195
2015-06-01,62.290000915527344,61.459999084472656,62.040000915527344,62.11000061035156,1615900.0,55.11790466308594
2015-06-02,62.33000183105469,61.459999084472656,61.650001525878906,61.63999938964844,3272300.0,54.70081329345703
2015-06-03,64.9800033569336,61.900001525878906,61.970001220703125,64.62000274658203,3307000.0,57.7010612487793
2015-06-04,64.29000091552734,63.13999938964844,64.08999633789062,63.349998474121094,2389000.0,56.56703186035156
2015-06-05,64.41000366210938,63.06999969482422,63.06999969482422,64.18000030517578,2217300.0,57.30817413330078
2015-06-08,64.0,63.209999084472656,63.959999084472656,63.349998474121094,1609500.0,56.56703186035156
2015-06-09,64.6500015258789,63.060001373291016,63.150001525878906,63.77000045776367,2153700.0,56.942073822021484
2015-06-10,64.54000091552734,63.70000076293945,63.95000076293945,63.81999969482422,1148100.0,56.9867057800293
2015-06-11,64.44000244140625,63.599998474121094,63.88999938964844,64.31999969482422,1102500.0,57.43317794799805
2015-06-12,64.16999816894531,63.13999938964844,63.9900016784668,63.70000076293945,1500100.0,56.87955856323242
2015-06-15,63.810001373291016,62.779998779296875,63.220001220703125,63.75,1344400.0,56.92420959472656
2015-06-16,64.08999633789062,63.52000045776367,63.630001068115234,63.93000030517578,1673400.0,57.08494186401367
2015-06-17,64.29000091552734,63.689998626708984,63.91999816894531,64.02999877929688,1580500.0,57.17423629760742
2015-06-18,65.44999694824219,64.1500015258789,64.29000091552734,64.80000305175781,2004800.0,57.861785888671875
2015-06-19,64.87999725341797,64.05999755859375,64.76000213623047,64.20999908447266,1419700.0,57.334957122802734
2015-06-22,64.80000305175781,64.05999755859375,64.66000366210938,64.16000366210938,778200.0,57.290313720703125
2015-06-23,64.69999694824219,63.58000183105469,64.69999694824219,63.77000045776367,718800.0,56.942073822021484
2015-06-24,64.12000274658203,62.56999969482422,63.91999816894531,62.599998474121094,1169700.0,55.897342681884766
2015-06-25,63.0,62.369998931884766,62.7400016784668,62.470001220703125,1086700.0,55.78126525878906
2015-06-26,63.279998779296875,62.45000076293945,62.70000076293945,63.040000915527344,1332900.0,56.29023742675781
2015-06-29,62.970001220703125,61.68000030517578,62.459999084472656,61.689998626708984,1239400.0,55.084774017333984
2015-06-30,63.7400016784668,62.06999969482422,62.36000061035156,62.38999938964844,1401000.0,55.70982360839844
2015-07-01,62.939998626708984,62.209999084472656,62.790000915527344,62.27000045776367,1253900.0,55.6026725769043
2015-07-02,63.13999938964844,62.38999938964844,62.529998779296875,63.060001373291016,1604800.0,56.30809020996094
2015-07-06,63.060001373291016,61.900001525878906,62.16999816894531,62.15999984741211,1141200.0,55.504451751708984
2015-07-07,63.2599983215332,61.9900016784668,62.29999923706055,63.20000076293945,1494200.0,56.43309783935547
2015-07-08,62.970001220703125,61.63999938964844,62.650001525878906,61.88999938964844,1283800.0,55.26335525512695
2015-07-09,63.11000061035156,62.15999984741211,62.720001220703125,62.15999984741211,971100.0,55.504451751708984
2015-07-10,63.810001373291016,62.369998931884766,62.779998779296875,63.54999923706055,1265300.0,56.74562454223633
2015-07-13,64.93000030517578,63.66999816894531,63.72999954223633,64.83000183105469,1199900.0,57.88858413696289
2015-07-14,64.86000061035156,64.08999633789062,64.79000091552734,64.31999969482422,1183300.0,57.43317794799805
2015-07-15,64.63999938964844,62.880001068115234,64.4000015258789,63.040000915527344,1324200.0,56.29023742675781
2015-07-16,63.790000915527344,63.11000061035156,63.31999969482422,63.31999969482422,948900.0,56.54024887084961
2015-07-17,64.0999984741211,62.900001525878906,63.2599983215332,63.0,1258400.0,56.254512786865234
2015-07-20,63.75,62.939998626708984,63.040000915527344,63.66999816894531,866100.0,56.85276794433594
2015-07-21,65.66000366210938,63.45000076293945,63.7599983215332,65.38999938964844,2126600.0,58.388614654541016
2015-07-22,66.0,65.11000061035156,65.2699966430664,65.25,1704200.0,58.26359939575195
2015-07-23,65.11000061035156,64.30000305175781,65.0,64.41999816894531,1104800.0,57.52246856689453
2015-07-24,64.83999633789062,63.97999954223633,64.44999694824219,64.30999755859375,989500.0,57.42424392700195
2015-07-27,64.93000030517578,63.86000061035156,63.86000061035156,64.76000213623047,1286000.0,57.82606887817383
2015-07-28,66.87999725341797,64.38999938964844,64.80000305175781,66.7300033569336,2039400.0,59.585147857666016
2015-07-29,71.33999633789062,69.11000061035156,70.0,69.8499984741211,3464900.0,62.371089935302734
2015-07-30,70.01000213623047,69.0,69.44000244140625,69.87000274658203,2483100.0,62.38894271850586
2015-07-31,70.58999633789062,69.6500015258789,70.31999969482422,70.1500015258789,1432900.0,62.63895797729492
2015-08-03,70.94000244140625,70.0199966430664,70.13999938964844,70.72000122070312,1554500.0,63.14791488647461
2015-08-04,71.37999725341797,70.01000213623047,70.80999755859375,70.41999816894531,2144800.0,62.88004684448242
2015-08-05,71.5,70.19000244140625,71.08999633789062,70.30999755859375,1329300.0,62.78181076049805
2015-08-06,70.58000183105469,69.0199966430664,70.55000305175781,69.66999816894531,1278000.0,62.21034622192383
2015-08-07,69.55999755859375,68.2300033569336,69.55999755859375,68.8499984741211,1234600.0,61.47813415527344
2015-08-10,69.94000244140625,69.22000122070312,69.51000213623047,69.58000183105469,790200.0,62.12998580932617
2015-08-11,70.04000091552734,68.87000274658203,69.19000244140625,69.83999633789062,1065600.0,62.36214828491211
2015-08-12,69.19999694824219,68.41999816894531,69.16000366210938,69.0999984741211,1670800.0,61.701377868652344
2015-08-13,69.2699966430664,68.58999633789062,69.02999877929688,68.70999908447266,812500.0,61.35314178466797
2015-08-14,69.47000122070312,68.66000366210938,68.8499984741211,69.4000015258789,678900.0,61.96926498413086
2015-08-17,69.72000122070312,68.54000091552734,69.20999908447266,69.69000244140625,976700.0,62.22821044921875
2015-08-18,70.37000274658203,69.4800033569336,69.72000122070312,69.75,1152000.0,62.28179931640625
2015-08-19,71.1500015258789,69.22000122070312,70.05999755859375,70.83000183105469,1780600.0,63.24615478515625
2015-08-20,70.31999969482422,69.12999725341797,70.0199966430664,69.22000122070312,1671000.0,61.808528900146484
2015-08-21,68.86000061035156,67.08999633789062,68.36000061035156,67.23999786376953,1545800.0,60.04053497314453
2015-08-24,66.31999969482422,64.08999633789062,65.16999816894531,65.16000366210938,3477600.0,58.1832389831543
2015-08-25,66.44999694824219,64.08999633789062,65.87000274658203,64.13999938964844,2282800.0,57.27245330810547
2015-08-26,67.30999755859375,65.52999877929688,65.73999786376953,67.26000213623047,2447000.0,60.05839920043945
2015-08-27,68.0,66.77999877929688,67.69999694824219,67.81999969482422,1545100.0,60.55842590332031
2015-08-28,68.05000305175781,66.70999908447266,67.69000244140625,67.23999786376953,1917900.0,60.04053497314453
2015-08-31,68.0999984741211,66.58999633789062,66.97000122070312,67.43000030517578,1336300.0,60.21018600463867
2015-09-01,67.08000183105469,65.73999786376953,66.08000183105469,66.0,1640600.0,58.93330001831055
2015-09-02,68.75,66.93000030517578,67.29000091552734,68.73999786376953,3147400.0,61.73537826538086
2015-09-03,69.37000274658203,68.08000183105469,68.72000122070312,68.19999694824219,1390100.0,61.25038528442383
2015-09-04,68.2300033569336,67.31999969482422,67.41999816894531,67.69999694824219,1207500.0,60.801326751708984
2015-09-08,69.12000274658203,68.16999816894531,68.76000213623047,68.94000244140625,1287300.0,61.91499710083008
2015-09-09,69.58999633789062,68.58000183105469,69.51000213623047,68.83000183105469,1155100.0,61.81619644165039
2015-09-10,69.4800033569336,68.16000366210938,68.33000183105469,69.0,1479300.0,61.96887969970703
2015-09-11,69.06999969482422,68.20999908447266,68.79000091552734,68.68000030517578,1364000.0,61.68147659301758
2015-09-14,69.43000030517578,68.38999938964844,69.08999633789062,68.5999984741211,751200.0,61.60963439941406
2015-09-15,69.63999938964844,68.47000122070312,68.69999694824219,69.48999786376953,1074800.0,62.40895462036133
2015-09-16,69.91999816894531,69.0999984741211,69.45999908447266,69.79000091552734,988400.0,62.678382873535156
2015-09-17,69.98999786376953,68.88999938964844,69.83999633789062,69.02999877929688,1032800.0,61.99580764770508
2015-09-18,68.33999633789062,67.44999694824219,68.16999816894531,67.56999969482422,2350000.0,60.684600830078125
2015-09-21,68.86000061035156,67.56999969482422,67.80999755859375,68.5199966430664,695700.0,61.53778839111328
2015-09-22,67.83999633789062,66.44999694824219,67.55999755859375,66.86000061035156,1105300.0,60.04694747924805
2015-09-23,67.56999969482422,66.52999877929688,66.81999969482422,67.4000015258789,1375600.0,60.531917572021484
2015-09-24,67.94000244140625,66.45999908447266,67.23999786376953,67.52999877929688,2097400.0,60.64866638183594
2015-09-25,68.80000305175781,67.19000244140625,67.6500015258789,68.52999877929688,1410600.0,61.5467643737793
2015-09-28,69.44000244140625,67.81999969482422,68.7300033569336,67.86000061035156,1758900.0,60.94504928588867
2015-09-29,68.23999786376953,67.62000274658203,67.70999908447266,68.1500015258789,2089000.0,61.20549011230469
2015-09-30,68.36000061035156,67.41000366210938,67.58000183105469,67.77999877929688,2064200.0,60.873191833496094
2015-10-01,68.2300033569336,66.88999938964844,68.16000366210938,67.70999908447266,1674800.0,60.81031799316406
2015-10-02,68.83000183105469,66.54000091552734,66.80999755859375,68.80999755859375,1565100.0,61.79823684692383
2015-10-05,70.37999725341797,68.94999694824219,69.18000030517578,70.04000091552734,1397600.0,62.90291213989258
2015-10-06,70.29000091552734,69.33000183105469,70.27999877929688,70.23999786376953,1217000.0,63.082515716552734
2015-10-07,71.0199966430664,69.80000305175781,70.25,70.18000030517578,2007600.0,63.028621673583984
2015-10-08,71.05999755859375,69.41999816894531,70.04000091552734,70.88999938964844,1709600.0,63.66628646850586
2015-10-09,72.38999938964844,70.8499984741211,71.12000274658203,71.70999908447266,1979100.0,64.40272521972656
2015-10-12,72.29000091552734,71.41000366210938,72.08000183105469,72.0,895300.0,64.66316986083984
2015-10-13,72.19999694824219,71.29000091552734,71.8499984741211,71.3499984741211,1012300.0,64.07941436767578
2015-10-14,72.01000213623047,70.6500015258789,71.61000061035156,70.95999908447266,1340800.0,63.729148864746094
2015-10-15,72.5199966430664,70.37000274658203,71.25,72.30000305175781,1097600.0,64.93260955810547
2015-10-16,72.62000274658203,71.2699966430664,71.2699966430664,71.75,817600.0,64.43865203857422
2015-10-19,72.30999755859375,71.2300033569336,71.48999786376953,71.9000015258789,827000.0,64.57337951660156
2015-10-20,72.61000061035156,71.69000244140625,71.69000244140625,72.12999725341797,861600.0,64.77992248535156
2015-10-21,72.97000122070312,71.77999877929688,72.4800033569336,71.86000061035156,1093900.0,64.53743743896484
2015-10-22,73.22000122070312,72.30999755859375,72.3499984741211,72.72000122070312,1563200.0,65.30979919433594
2015-10-23,73.2699966430664,72.37000274658203,73.23999786376953,72.79000091552734,1229500.0,65.37267303466797
2015-10-26,73.33999633789062,72.08000183105469,73.08000183105469,72.5,1176500.0,65.11224365234375
2015-10-27,72.91000366210938,69.80999755859375,71.56999969482422,69.98999786376953,3199400.0,62.85799026489258
2015-10-28,70.97000122070312,66.54000091552734,70.72000122070312,67.98999786376953,3932300.0,61.061790466308594
2015-10-29,69.48999786376953,67.66999816894531,67.9000015258789,69.37999725341797,1882200.0,62.310150146484375
2015-10-30,69.79000091552734,68.91999816894531,69.30999755859375,69.37999725341797,1333100.0,62.310150146484375
2015-11-02,70.33000183105469,69.37999725341797,69.37999725341797,70.23999786376953,978600.0,63.082515716552734
2015-11-03,70.37999725341797,69.75,70.16000366210938,70.13999938964844,705500.0,62.99271011352539
2015-11-04,70.26000213623047,68.30000305175781,69.97000122070312,68.70999908447266,1281200.0,61.70842742919922
2015-11-05,68.91000366210938,67.7300033569336,68.7699966430664,68.30000305175781,1215000.0,61.34020233154297
2015-11-06,68.7300033569336,67.62000274658203,68.55000305175781,68.72000122070312,1028900.0,61.71739959716797
2015-11-09,68.56999969482422,67.19000244140625,68.3499984741211,67.81999969482422,972900.0,60.90910720825195
2015-11-10,69.08999633789062,67.62999725341797,67.62999725341797,68.75,927700.0,61.74433898925781
2015-11-11,69.25,68.33999633789062,68.93000030517578,68.75,560100.0,61.74433898925781
2015-11-12,69.05000305175781,67.43000030517578,68.25,67.4800033569336,791100.0,60.603755950927734
2015-11-13,67.83000183105469,66.69000244140625,67.37999725341797,67.0199966430664,707900.0,60.19062805175781
2015-11-16,67.6500015258789,66.66999816894531,67.18000030517578,67.41000366210938,770400.0,60.540897369384766
2015-11-17,68.76000213623047,66.5999984741211,67.33999633789062,67.83000183105469,830500.0,60.91809844970703
2015-11-18,68.38999938964844,67.54000091552734,67.83999633789062,68.27999877929688,835300.0,61.32224655151367
2015-11-19,69.02999877929688,67.91999816894531,68.19000244140625,68.30999755859375,825600.0,61.34918975830078
2015-11-20,69.55000305175781,68.02999877929688,68.58000183105469,68.52999877929688,727800.0,61.5467643737793
2015-11-23,69.05999755859375,68.16999816894531,68.79000091552734,68.25,977800.0,61.295310974121094
2015-11-24,69.72000122070312,67.66999816894531,68.12000274658203,68.22000122070312,844200.0,61.268348693847656
2015-11-25,68.83999633789062,68.20999908447266,68.43000030517578,68.61000061035156,700800.0,61.618629455566406
2015-11-27,69.31999969482422,68.66000366210938,68.66000366210938,68.86000061035156,348300.0,61.843143463134766
2015-11-30,69.44999694824219,67.37999725341797,68.83999633789062,67.43000030517578,1100800.0,60.558860778808594
2015-12-01,68.45999908447266,67.20999908447266,67.73999786376953,67.94999694824219,828500.0,61.0258674621582
2015-12-02,65.30999755859375,62.81999969482422,64.87000274658203,63.58000183105469,6043100.0,57.10117721557617
2015-12-03,64.20999908447266,61.88999938964844,63.349998474121094,62.220001220703125,4134700.0,55.87976837158203
2015-12-04,63.189998626708984,62.09000015258789,62.09000015258789,62.79999923706055,2946400.0,56.400657653808594
2015-12-07,63.04999923706055,61.709999084472656,62.5099983215332,62.08000183105469,1868100.0,55.754024505615234
2015-12-08,61.869998931884766,59.709999084472656,61.560001373291016,60.5099983215332,3412300.0,54.34400939941406
2015-12-09,61.77000045776367,60.119998931884766,60.63999938964844,60.54999923706055,1811900.0,54.37993240356445
2015-12-10,61.65999984741211,60.22999954223633,60.63999938964844,61.5099983215332,2173000.0,55.63721466064453
2015-12-11,62.11000061035156,60.61000061035156,60.91999816894531,62.0,2767000.0,56.080440521240234
2015-12-14,62.18000030517578,61.150001525878906,62.0,61.68000030517578,2358400.0,55.79100036621094
2015-12-15,63.209999084472656,61.209999084472656,61.900001525878906,62.61000061035156,2628900.0,56.632198333740234
2015-12-16,64.47000122070312,63.5,63.529998779296875,64.2699966430664,2123600.0,58.133705139160156
2015-12-17,65.0999984741211,64.19000244140625,64.4800033569336,64.19999694824219,2634300.0,58.07038497924805
2015-12-18,63.84000015258789,61.77000045776367,63.68000030517578,62.36000061035156,7191000.0,56.40606689453125
2015-12-21,63.08000183105469,61.939998626708984,63.0099983215332,62.5,1284500.0,56.5327033996582
2015-12-22,63.41999816894531,62.459999084472656,62.869998931884766,63.400001525878906,1269200.0,57.346771240234375
2015-12-23,64.12999725341797,63.380001068115234,63.61000061035156,63.97999954223633,1274900.0,57.87139129638672
2015-12-24,64.54000091552734,63.290000915527344,63.959999084472656,63.529998779296875,571700.0,57.464359283447266
2015-12-28,63.529998779296875,62.56999969482422,63.38999938964844,63.18000030517578,811500.0,57.14778137207031
2015-12-29,63.72999954223633,62.33000183105469,63.72999954223633,63.189998626708984,994900.0,57.15681838989258
2015-12-30,63.400001525878906,62.29999923706055,62.880001068115234,62.36000061035156,1502100.0,56.40606689453125
2015-12-31,62.63999938964844,61.86000061035156,62.22999954223633,62.02000045776367,1614000.0,56.09852981567383
2016-01-04,62.02000045776367,60.310001373291016,61.09000015258789,61.790000915527344,3072300.0,55.8904914855957
2016-01-05,63.91999816894531,61.11000061035156,61.689998626708984,63.470001220703125,3967000.0,57.41008758544922
2016-01-06,63.43000030517578,62.04999923706055,62.33000183105469,63.15999984741211,2929000.0,57.12969207763672
2016-01-07,64.08000183105469,62.66999816894531,64.0,63.09000015258789,3114600.0,57.066368103027344
2016-01-08,63.880001068115234,62.849998474121094,63.2400016784668,63.119998931884766,2448800.0,57.093505859375
2016-01-11,63.2599983215332,61.11000061035156,63.06999969482422,61.75,1868400.0,55.854305267333984
2016-01-12,63.20000076293945,61.95000076293945,61.9900016784668,62.97999954223633,1410100.0,56.96686935424805
2016-01-13,63.59000015258789,62.4900016784668,63.060001373291016,62.689998626708984,2143000.0,56.70455551147461
2016-01-14,63.529998779296875,62.04999923706055,62.84000015258789,63.130001068115234,1691100.0,57.1025505065918
2016-01-15,63.93000030517578,61.849998474121094,61.93000030517578,63.560001373291016,2358400.0,57.49149703979492
2016-01-19,64.48999786376953,62.95000076293945,64.4800033569336,63.65999984741211,1468700.0,57.58193588256836
2016-01-20,64.31999969482422,62.18000030517578,62.77000045776367,63.72999954223633,1437400.0,57.64527130126953
2016-01-21,65.2300033569336,63.720001220703125,64.30000305175781,64.51000213623047,1999200.0,58.35079574584961
2016-01-22,65.5,64.02999877929688,65.08999633789062,64.2300033569336,1832400.0,58.09752655029297
2016-01-25,64.0,62.61000061035156,62.75,62.720001220703125,2699500.0,56.73169708251953
2016-01-26,64.3499984741211,62.72999954223633,63.099998474121094,64.06999969482422,2391600.0,57.95280456542969
2016-01-27,65.11000061035156,63.04999923706055,64.0,63.18000030517578,1995600.0,57.14778137207031
2016-01-28,64.16999816894531,62.720001220703125,63.54999923706055,63.04999923706055,1966800.0,57.030189514160156
2016-01-29,64.77999877929688,63.04999923706055,63.2599983215332,64.7699966430664,1821900.0,58.58596420288086
2016-02-01,65.62999725341797,63.939998626708984,64.05000305175781,65.20999908447266,1844300.0,58.98396682739258
2016-02-02,65.20999908447266,62.91999816894531,64.37999725341797,63.47999954223633,2705700.0,57.41913604736328
2016-02-03,66.61000061035156,64.2699966430664,65.20999908447266,64.91000366210938,3450200.0,58.71260452270508
2016-02-04,67.47000122070312,65.12000274658203,65.68000030517578,67.44999694824219,2292000.0,61.010101318359375
2016-02-05,68.87999725341797,66.51000213623047,66.95999908447266,68.08000183105469,3083900.0,61.579925537109375
2016-02-08,69.61000061035156,67.66000366210938,67.68000030517578,69.5199966430664,2430100.0,62.882450103759766
2016-02-09,70.4000015258789,68.41999816894531,68.77999877929688,69.69000244140625,1859900.0,63.036224365234375
2016-02-10,70.66000366210938,68.58000183105469,69.79000091552734,68.62999725341797,2082300.0,62.07744598388672
2016-02-11,69.1500015258789,67.69999694824219,68.0,68.83000183105469,1588200.0,62.25832748413086
2016-02-12,70.37000274658203,69.12000274658203,69.12000274658203,70.16000366210938,1520500.0,63.461341857910156
2016-02-16,71.62000274658203,69.93000030517578,70.16000366210938,71.20999908447266,1691100.0,64.41109466552734
2016-02-17,71.87999725341797,70.37999725341797,71.23999786376953,70.83999633789062,1655500.0,64.07640838623047
2016-02-18,71.11000061035156,70.0999984741211,70.69000244140625,70.95999908447266,1247700.0,64.1849594116211
2016-02-19,70.69000244140625,69.23999786376953,70.69000244140625,70.4800033569336,2010000.0,63.75080108642578
2016-02-22,71.87000274658203,69.69999694824219,71.41999816894531,70.06999969482422,2660300.0,63.379947662353516
2016-02-23,70.05999755859375,68.98999786376953,69.37000274658203,69.52999877929688,1371300.0,62.8914909362793
2016-02-24,70.36000061035156,68.97000122070312,69.19999694824219,70.2300033569336,1532900.0,63.524662017822266
2016-02-25,70.30999755859375,69.11000061035156,70.26000213623047,70.16000366210938,1353200.0,63.461341857910156
2016-02-26,70.66999816894531,69.97000122070312,70.36000061035156,70.3499984741211,1145400.0,63.63319778442383
2016-02-29,70.73999786376953,69.73999786376953,70.11000061035156,69.83000183105469,1631100.0,63.16285705566406
2016-03-01,70.94000244140625,69.98999786376953,70.79000091552734,70.73999786376953,2089600.0,63.98596954345703
2016-03-02,71.69000244140625,70.18000030517578,70.54000091552734,71.41000366210938,2525200.0,64.98704528808594
2016-03-03,71.95999908447266,70.9800033569336,71.13999938964844,71.51000213623047,1487700.0,65.07804870605469
2016-03-04,73.5,71.20999908447266,71.20999908447266,72.68000030517578,2288400.0,66.14280700683594
2016-03-07,72.13999938964844,70.41999816894531,71.4800033569336,71.5999984741211,1667700.0,65.15995025634766
2016-03-08,72.33000183105469,71.12000274658203,71.44000244140625,71.62999725341797,1153000.0,65.18724822998047
2016-03-09,72.2300033569336,70.55000305175781,71.26000213623047,71.41999816894531,899900.0,64.99613189697266
2016-03-10,72.06999969482422,70.56999969482422,71.86000061035156,71.51000213623047,1674600.0,65.07804870605469
2016-03-11,72.69999694824219,71.86000061035156,72.0199966430664,72.62999725341797,969200.0,66.0972900390625
2016-03-14,72.9800033569336,72.08999633789062,72.55000305175781,72.45999908447266,884200.0,65.94258880615234
2016-03-15,73.47000122070312,71.87999725341797,72.16999816894531,73.06999969482422,1459300.0,66.49771881103516
2016-03-16,73.41000366210938,72.33000183105469,72.56999969482422,73.11000061035156,1119800.0,66.53414154052734
2016-03-17,74.66000366210938,72.80999755859375,73.37000274658203,73.83000183105469,1158100.0,67.18936157226562
2016-03-18,75.11000061035156,73.7300033569336,74.12000274658203,74.33999633789062,1973000.0,67.65348052978516
2016-03-21,74.33999633789062,73.12000274658203,73.98999786376953,73.6500015258789,1013800.0,67.02557373046875
2016-03-22,73.80999755859375,72.97000122070312,72.97000122070312,73.4800033569336,718500.0,66.87084197998047
2016-03-23,73.9000015258789,73.18000030517578,73.4800033569336,73.4800033569336,728500.0,66.87084197998047
2016-03-24,73.7699966430664,73.08999633789062,73.08999633789062,73.73999786376953,608600.0,67.10746765136719
2016-03-28,74.2300033569336,73.37000274658203,73.88999938964844,74.04000091552734,818700.0,67.38047790527344
2016-03-29,74.62999725341797,73.68000030517578,73.98999786376953,74.5,767700.0,67.7990951538086
2016-03-30,74.94000244140625,74.12999725341797,74.69000244140625,74.55000305175781,612100.0,67.84461975097656
2016-03-31,74.5,73.80000305175781,74.37999725341797,74.2300033569336,1168800.0,67.55338287353516
2016-04-01,73.79000091552734,72.62000274658203,73.72000122070312,73.6500015258789,1313200.0,67.02557373046875
2016-04-04,74.62000274658203,73.29000091552734,73.72000122070312,73.47000122070312,1037400.0,66.86174011230469
2016-04-05,74.12999725341797,72.87000274658203,72.87000274658203,73.52999877929688,781000.0,66.91634368896484
2016-04-06,73.66999816894531,72.9000015258789,73.3499984741211,73.66000366210938,881900.0,67.0346450805664
2016-04-07,73.05999755859375,71.12000274658203,73.0,71.8499984741211,2129700.0,65.38746643066406
2016-04-08,72.86000061035156,71.66000366210938,72.18000030517578,71.83999633789062,1014200.0,65.37835693359375
2016-04-11,72.58000183105469,71.5199966430664,71.97000122070312,71.7699966430664,1361100.0,65.31465911865234
2016-04-12,72.69999694824219,71.45999908447266,72.02999877929688,72.48999786376953,1260400.0,65.96987915039062
2016-04-13,73.56999969482422,72.41999816894531,72.68000030517578,72.94999694824219,871200.0,66.38851165771484
2016-04-14,73.30999755859375,72.43000030517578,73.01000213623047,72.9000015258789,768000.0,66.343017578125
2016-04-15,74.5199966430664,73.19999694824219,73.41000366210938,73.51000213623047,1367600.0,66.89814758300781
2016-04-18,74.5199966430664,73.33999633789062,73.47000122070312,74.11000061035156,991500.0,67.44416809082031
2016-04-19,75.30000305175781,74.11000061035156,74.47000122070312,75.2300033569336,1333900.0,68.46343994140625
2016-04-20,75.6500015258789,74.69000244140625,75.31999969482422,74.7300033569336,1085800.0,68.00840759277344
2016-04-21,75.29000091552734,74.20999908447266,74.55000305175781,74.30999755859375,716200.0,67.6261978149414
2016-04-22,74.9800033569336,74.29000091552734,74.44999694824219,74.55999755859375,639100.0,67.85369873046875
2016-04-25,75.08999633789062,74.31999969482422,74.86000061035156,74.5999984741211,890900.0,67.89009857177734
2016-04-26,76.0999984741211,74.30000305175781,74.56999969482422,75.70999908447266,1485900.0,68.9002914428711
2016-04-27,73.58000183105469,70.08000183105469,71.66000366210938,71.80999755859375,3508600.0,65.35104370117188
2016-04-28,71.61000061035156,69.83999633789062,70.94000244140625,70.83000183105469,2433800.0,64.45919799804688
2016-04-29,71.19999694824219,70.38999938964844,70.75,70.97000122070312,1398000.0,64.58660888671875
2016-05-02,71.97000122070312,71.16000366210938,71.2699966430664,71.80999755859375,1376000.0,65.35104370117188
2016-05-03,71.37999725341797,70.4800033569336,71.1500015258789,70.83999633789062,1185800.0,64.46829223632812
2016-05-04,71.97000122070312,70.33999633789062,70.5199966430664,71.73999786376953,1789200.0,65.28736114501953
2016-05-05,71.95999908447266,70.7300033569336,71.70999908447266,70.8499984741211,845500.0,64.4773941040039
2016-05-06,72.91000366210938,70.63999938964844,70.94999694824219,72.81999969482422,1789600.0,66.27020263671875
2016-05-09,73.26000213623047,72.20999908447266,72.5,73.13999938964844,1038900.0,66.56140899658203
2016-05-10,73.83000183105469,72.77999877929688,73.69000244140625,73.05000305175781,1065900.0,66.47952270507812
2016-05-11,73.19999694824219,72.33000183105469,72.83999633789062,72.58999633789062,941900.0,66.06088256835938
2016-05-12,72.98999786376953,72.0,72.5199966430664,72.47000122070312,840800.0,65.95169067382812
2016-05-13,72.75,71.83000183105469,72.55999755859375,72.30999755859375,1111200.0,65.80609893798828
2016-05-16,72.83000183105469,71.6500015258789,72.44000244140625,72.44000244140625,840200.0,65.92439270019531
2016-05-17,73.69999694824219,71.87000274658203,72.05999755859375,72.77999877929688,1162600.0,66.23379516601562
2016-05-18,73.41000366210938,72.22000122070312,72.61000061035156,73.1500015258789,1282700.0,66.57052612304688
2016-05-19,73.37999725341797,72.5,72.58000183105469,73.0999984741211,828800.0,66.52503204345703
2016-05-20,74.48999786376953,73.52999877929688,73.52999877929688,74.31999969482422,1093600.0,67.63529968261719
2016-05-23,74.52999877929688,74.05999755859375,74.05999755859375,74.36000061035156,846400.0,67.67169952392578
2016-05-24,74.98999786376953,74.02999877929688,74.41999816894531,74.69000244140625,1134900.0,67.9720230102539
2016-05-25,75.06999969482422,74.4800033569336,74.94000244140625,74.80999755859375,1161400.0,68.08123016357422
2016-05-26,75.37000274658203,74.7300033569336,75.0999984741211,74.97000122070312,806700.0,68.2268295288086
2016-05-27,75.44000244140625,74.79000091552734,74.98999786376953,75.18000030517578,1108300.0,68.41793823242188
2016-05-31,75.77999877929688,74.36000061035156,75.41000366210938,74.9800033569336,4326800.0,68.23593139648438
2016-06-01,74.66000366210938,73.75,74.55999755859375,74.25,827600.0,67.96134185791016
2016-06-02,74.30000305175781,73.69999694824219,74.2300033569336,73.79000091552734,1063900.0,67.5403060913086
2016-06-03,73.41999816894531,72.95999908447266,73.26000213623047,73.36000061035156,2470600.0,67.14671325683594
2016-06-06,74.16000366210938,73.0,74.16000366210938,73.22000122070312,1340600.0,67.01858520507812
2016-06-07,73.16000366210938,72.7699966430664,73.12999725341797,72.94999694824219,1284600.0,66.77144622802734
2016-06-08,73.69999694824219,72.80999755859375,72.94999694824219,73.66999816894531,1759500.0,67.43045806884766
2016-06-09,74.25,73.20999908447266,73.7699966430664,74.11000061035156,1688500.0,67.83318328857422
2016-06-10,73.69000244140625,72.87999725341797,73.55999755859375,72.98999786376953,1032400.0,66.80805969238281
2016-06-13,73.33000183105469,72.87999725341797,73.06999969482422,72.9800033569336,971900.0,66.79890441894531
2016-06-14,73.13999938964844,72.0,73.0199966430664,72.47000122070312,1238000.0,66.33209991455078
2016-06-15,73.33000183105469,72.33999633789062,72.4800033569336,72.5199966430664,1389900.0,66.37783813476562
2016-06-16,72.45999908447266,71.26000213623047,72.45999908447266,72.08999633789062,1487600.0,65.9842758178711
2016-06-17,72.02999877929688,71.4000015258789,71.7699966430664,71.9800033569336,2029500.0,65.88359832763672
2016-06-20,73.11000061035156,72.48999786376953,72.68000030517578,72.54000091552734,747700.0,66.39616394042969
2016-06-21,72.55000305175781,71.55999755859375,72.45999908447266,72.08999633789062,930900.0,65.9842758178711
2016-06-22,72.43000030517578,71.55000305175781,72.0999984741211,71.86000061035156,1179100.0,65.77375030517578
2016-06-23,72.26000213623047,71.66999816894531,71.91000366210938,71.91999816894531,1402000.0,65.82866668701172
2016-06-24,71.95999908447266,70.1500015258789,70.31999969482422,71.63999938964844,2209000.0,65.57239532470703
2016-06-27,72.48999786376953,71.23999786376953,71.33999633789062,72.18000030517578,2020400.0,66.066650390625
2016-06-28,73.44000244140625,72.18000030517578,72.23999786376953,73.41999816894531,1648200.0,67.20162963867188
2016-06-29,74.37999725341797,73.61000061035156,73.8499984741211,73.6500015258789,1159200.0,67.41217803955078
2016-06-30,74.31999969482422,72.91999816894531,73.30000305175781,74.25,1261000.0,67.96134185791016
2016-07-01,75.27999877929688,74.22000122070312,74.56999969482422,75.19000244140625,1393700.0,68.82172393798828
2016-07-05,75.44999694824219,74.7300033569336,75.08999633789062,75.02999877929688,957300.0,68.6752700805664
2016-07-06,75.69000244140625,74.37999725341797,75.02999877929688,74.80000305175781,965300.0,68.46476745605469
2016-07-07,74.98999786376953,73.29000091552734,74.93000030517578,73.36000061035156,2736200.0,67.14671325683594
2016-07-08,74.62000274658203,73.52999877929688,73.76000213623047,74.43000030517578,2164400.0,68.1260986328125
2016-07-11,73.06999969482422,71.12000274658203,72.4800033569336,71.86000061035156,3781800.0,65.77375030517578
2016-07-12,72.48999786376953,71.87999725341797,71.87999725341797,72.44999694824219,1362400.0,66.31379699707031
2016-07-13,73.01000213623047,72.29000091552734,72.54000091552734,72.83000183105469,1729900.0,66.66160583496094
2016-07-14,73.31999969482422,72.27999877929688,73.31999969482422,72.30000305175781,1049700.0,66.17649841308594
2016-07-15,72.5,71.58000183105469,72.5,71.94000244140625,2067600.0,65.84698486328125
2016-07-18,71.98999786376953,70.20999908447266,70.7300033569336,71.44000244140625,1971500.0,65.38932800292969
2016-07-19,71.79000091552734,70.66000366210938,71.05000305175781,71.62000274658203,1295300.0,65.55409240722656
2016-07-20,72.3499984741211,71.01000213623047,71.62000274658203,71.16999816894531,1276800.0,65.1422119140625
2016-07-21,71.62000274658203,70.86000061035156,71.16000366210938,71.2300033569336,1481100.0,65.1971206665039
2016-07-22,72.27999877929688,71.04000091552734,71.33000183105469,72.02999877929688,1134700.0,65.92935943603516
2016-07-25,72.05999755859375,71.43000030517578,71.76000213623047,71.5,1061700.0,65.44425201416016
2016-07-26,72.36000061035156,71.45999908447266,71.79000091552734,72.13999938964844,1749300.0,66.0300521850586
2016-07-27,70.47000122070312,66.62000274658203,68.41999816894531,68.3499984741211,4359700.0,62.56105422973633
2016-07-28,69.25,67.70999908447266,67.97000122070312,69.2300033569336,1514000.0,63.36650466918945
2016-07-29,69.86000061035156,68.75,69.1500015258789,69.62000274658203,1461500.0,63.723487854003906
2016-08-01,69.8499984741211,69.11000061035156,69.5,69.23999786376953,1817600.0,63.37565994262695
2016-08-02,69.36000061035156,68.31999969482422,69.23999786376953,68.36000061035156,1546400.0,62.570194244384766
2016-08-03,68.79000091552734,68.04000091552734,68.56999969482422,68.79000091552734,1446700.0,62.96377944946289
2016-08-04,69.06999969482422,67.77999877929688,68.79000091552734,68.48999786376953,1275600.0,62.68916702270508
2016-08-05,69.3499984741211,68.11000061035156,68.8499984741211,69.22000122070312,751200.0,63.35735321044922
2016-08-08,69.83999633789062,69.04000091552734,69.51000213623047,69.25,1299800.0,63.384830474853516
2016-08-09,69.61000061035156,68.75,69.37999725341797,68.91999816894531,1082400.0,63.082759857177734
2016-08-10,69.1500015258789,68.58999633789062,68.94999694824219,69.0199966430664,870800.0,63.17430114746094
2016-08-11,69.31999969482422,68.9800033569336,68.9800033569336,69.02999877929688,480400.0,63.18344497680664
2016-08-12,69.8499984741211,68.81999969482422,68.98999786376953,69.68000030517578,948400.0,63.77840042114258
2016-08-15,69.93000030517578,69.08000183105469,69.54000091552734,69.2300033569336,1014300.0,63.36650466918945
2016-08-16,70.01000213623047,68.9800033569336,69.25,69.81999969482422,1416500.0,63.90653991699219
2016-08-17,70.01000213623047,69.61000061035156,70.0,69.9000015258789,1443300.0,63.979766845703125
2016-08-18,70.0,68.79000091552734,69.9000015258789,68.95999908447266,1491500.0,63.11937713623047
2016-08-19,69.7300033569336,68.41999816894531,68.63999938964844,69.41999816894531,1606600.0,63.54042053222656
2016-08-22,69.62999725341797,69.05000305175781,69.29000091552734,69.44000244140625,993100.0,63.558738708496094
2016-08-23,69.86000061035156,69.31999969482422,69.79000091552734,69.4000015258789,1056900.0,63.52211380004883
2016-08-24,69.80000305175781,69.2300033569336,69.51000213623047,69.6500015258789,1063000.0,63.750938415527344
2016-08-25,69.62999725341797,68.79000091552734,69.38999938964844,68.87000274658203,898600.0,63.03700637817383
2016-08-26,69.69999694824219,68.52999877929688,69.02999877929688,68.77999877929688,976900.0,62.95462417602539
2016-08-29,69.44000244140625,68.7300033569336,68.77999877929688,69.43000030517578,768200.0,63.549583435058594
2016-08-30,69.70999908447266,69.37999725341797,69.4800033569336,69.5199966430664,707700.0,63.63193893432617
2016-08-31,69.58000183105469,68.94999694824219,69.05999755859375,69.41999816894531,1066100.0,63.935882568359375
2016-09-01,71.80999755859375,69.55999755859375,69.55999755859375,71.04000091552734,3754000.0,65.42790222167969
2016-09-02,71.97000122070312,70.8499984741211,71.36000061035156,71.31999969482422,1323600.0,65.68577575683594
2016-09-06,71.16000366210938,69.5999984741211,71.16000366210938,70.30999755859375,1200000.0,64.75556182861328
2016-09-07,70.61000061035156,70.01000213623047,70.33000183105469,70.22000122070312,957700.0,64.67268371582031
2016-09-08,70.7300033569336,69.70999908447266,70.36000061035156,70.06999969482422,1173300.0,64.53453826904297
2016-09-09,70.6500015258789,68.88999938964844,69.91000366210938,68.9000015258789,992000.0,63.45695495605469
2016-09-12,69.2300033569336,67.76000213623047,67.83999633789062,69.01000213623047,1356500.0,63.558265686035156
2016-09-13,69.19000244140625,67.47000122070312,68.56999969482422,67.76000213623047,1519600.0,62.40702438354492
2016-09-14,68.19999694824219,67.04000091552734,68.02999877929688,67.2699966430664,1142900.0,61.95571517944336
2016-09-15,67.55999755859375,67.04000091552734,67.27999877929688,67.36000061035156,1138000.0,62.03861999511719
2016-09-16,67.55999755859375,66.70999908447266,67.25,67.52999877929688,1665700.0,62.19519805908203
2016-09-19,67.9000015258789,67.25,67.9000015258789,67.27999877929688,822000.0,61.964942932128906
2016-09-20,68.11000061035156,67.23999786376953,67.80999755859375,68.04000091552734,1007600.0,62.6649055480957
2016-09-21,68.56999969482422,67.95999908447266,68.5199966430664,68.54000091552734,934400.0,63.12540817260742
2016-09-22,69.45999908447266,68.5999984741211,68.7300033569336,69.25,1495700.0,63.779319763183594
2016-09-23,69.66999816894531,68.5,69.12000274658203,69.58999633789062,1478700.0,64.09245300292969
2016-09-26,69.80999755859375,69.22000122070312,69.3499984741211,69.54000091552734,1147800.0,64.04638671875
2016-09-27,70.13999938964844,69.0999984741211,69.52999877929688,70.12000274658203,999800.0,64.58056640625
2016-09-28,70.51000213623047,69.58999633789062,70.20999908447266,70.25,1039500.0,64.70030212402344
2016-09-29,70.8499984741211,70.06999969482422,70.2300033569336,70.30999755859375,1402900.0,64.75556182861328
2016-09-30,71.06999969482422,70.37999725341797,70.72000122070312,70.45999908447266,1412900.0,64.89370727539062
2016-10-03,70.63999938964844,69.56999969482422,70.38999938964844,70.5,1387300.0,64.93055725097656
2016-10-04,70.83000183105469,69.93000030517578,70.66000366210938,70.19999694824219,953700.0,64.65426635742188
2016-10-05,70.58000183105469,69.87999725341797,70.58000183105469,70.18000030517578,1280400.0,64.63583374023438
2016-10-06,70.3499984741211,69.5,69.77999877929688,70.26000213623047,1298200.0,64.70951080322266
2016-10-07,70.58000183105469,69.9800033569336,70.5,70.33999633789062,1043800.0,64.783203125
2016-10-10,71.11000061035156,70.30999755859375,70.48999786376953,70.9000015258789,1024000.0,65.2989730834961
2016-10-11,71.04000091552734,70.38999938964844,70.75,70.70999908447266,1494700.0,65.12397003173828
2016-10-12,70.69999694824219,70.06999969482422,70.68000030517578,70.38999938964844,1281000.0,64.82926177978516
2016-10-13,70.37999725341797,69.8499984741211,70.0,70.30999755859375,919200.0,64.75556182861328
2016-10-14,70.94999694824219,70.12999725341797,70.55999755859375,70.26000213623047,1348600.0,64.70951080322266
2016-10-17,68.97000122070312,67.61000061035156,68.5,68.66999816894531,3417400.0,63.24513626098633
2016-10-18,70.44999694824219,68.62000274658203,69.19000244140625,68.80000305175781,1500800.0,63.364864349365234
2016-10-19,69.06999969482422,68.51000213623047,69.06999969482422,68.76000213623047,1073700.0,63.32802200317383
2016-10-20,68.97000122070312,68.47000122070312,68.63999938964844,68.75,1164200.0,63.318790435791016
2016-10-21,69.05000305175781,68.12000274658203,68.26000213623047,68.86000061035156,989800.0,63.42012405395508
2016-10-24,69.38999938964844,68.72000122070312,68.87999725341797,69.12000274658203,1165100.0,63.65959167480469
2016-10-25,69.56999969482422,67.76000213623047,68.54000091552734,69.43000030517578,2282400.0,63.945091247558594
2016-10-26,67.87999725341797,65.56999969482422,65.93000030517578,67.30000305175781,4499600.0,61.983360290527344
2016-10-27,67.86000061035156,67.01000213623047,67.47000122070312,67.43000030517578,2173200.0,62.103092193603516
2016-10-28,67.8499984741211,66.97000122070312,67.63999938964844,67.58999633789062,1586500.0,62.25044250488281
2016-10-31,68.25,67.58999633789062,67.9800033569336,68.12000274658203,2026800.0,62.738582611083984
2016-11-01,68.5199966430664,67.93000030517578,68.12000274658203,68.41999816894531,1504000.0,63.01487731933594
2016-11-02,68.86000061035156,68.20999908447266,68.44000244140625,68.45999908447266,1651900.0,63.05172348022461
2016-11-03,69.19999694824219,68.47000122070312,68.69999694824219,68.94000244140625,1339000.0,63.49380874633789
2016-11-04,69.27999877929688,68.33999633789062,69.12999725341797,68.69000244140625,1345500.0,63.2635612487793
2016-11-07,70.4800033569336,69.26000213623047,69.26000213623047,70.45999908447266,1312900.0,64.89370727539062
2016-11-08,70.7300033569336,69.5,70.63999938964844,70.48999786376953,1497700.0,64.92134094238281
2016-11-09,71.58999633789062,69.18000030517578,70.01000213623047,71.44999694824219,1242400.0,65.80550384521484
2016-11-10,73.6500015258789,71.55999755859375,71.55999755859375,72.80000305175781,1486600.0,67.04887390136719
2016-11-11,73.72000122070312,72.3499984741211,72.55000305175781,73.58000183105469,1551400.0,67.76725006103516
2016-11-14,74.33000183105469,73.37999725341797,73.93000030517578,73.51000213623047,2431000.0,67.70277404785156
2016-11-15,74.08999633789062,73.30999755859375,73.5199966430664,74.08000183105469,1429100.0,68.2277603149414
2016-11-16,74.30999755859375,73.58000183105469,73.81999969482422,74.18000030517578,1523200.0,68.31983947753906
2016-11-17,74.41999816894531,73.01000213623047,74.19999694824219,74.01000213623047,1194100.0,68.16329193115234
2016-11-18,74.58999633789062,73.70999908447266,73.88999938964844,74.4000015258789,2426900.0,68.52247619628906
2016-11-21,74.87999725341797,73.94999694824219,74.66999816894531,74.37000274658203,1840000.0,68.49483489990234
2016-11-22,74.37999725341797,73.75,73.91000366210938,73.94000244140625,2067100.0,68.09880065917969
2016-11-23,74.22000122070312,73.55999755859375,74.04000091552734,74.12000274658203,1072400.0,68.26460266113281
2016-11-25,74.81999969482422,74.11000061035156,74.2300033569336,74.30000305175781,705100.0,68.43036651611328
2016-11-28,74.88999938964844,74.12999725341797,74.31999969482422,74.20999908447266,1642300.0,68.34747314453125
2016-11-29,75.19999694824219,74.3499984741211,74.37999725341797,74.9800033569336,1450600.0,69.05665588378906
2016-11-30,75.4000015258789,74.72000122070312,75.04000091552734,74.8499984741211,1504100.0,68.9369125366211
2016-12-01,75.18000030517578,74.31999969482422,74.81999969482422,74.86000061035156,1440100.0,68.9461441040039
2016-12-02,75.51000213623047,74.0,75.08999633789062,74.04000091552734,1530000.0,68.19090270996094
2016-12-05,75.56999969482422,74.22000122070312,74.44000244140625,75.38999938964844,2429200.0,69.43426513671875
2016-12-06,75.76000213623047,74.98999786376953,75.55999755859375,75.55999755859375,1434300.0,69.5908203125
2016-12-07,76.73999786376953,75.29000091552734,75.69000244140625,76.72000122070312,1756000.0,70.6591796875
2016-12-08,77.5,75.58000183105469,76.73999786376953,77.47000122070312,1274800.0,71.34993743896484
2016-12-09,77.88999938964844,76.5199966430664,77.48999786376953,77.04000091552734,1417500.0,70.95391845703125
2016-12-12,77.44999694824219,76.58000183105469,77.05999755859375,77.25,1210700.0,71.1473159790039
2016-12-13,77.81999969482422,76.94000244140625,77.37999725341797,77.05999755859375,1560200.0,70.97233581542969
2016-12-14,77.56999969482422,76.43000030517578,77.2699966430664,76.62000274658203,1563300.0,70.56707763671875
2016-12-15,76.5999984741211,73.77999877929688,76.44000244140625,74.30999755859375,3268100.0,68.84391784667969
2016-12-16,74.97000122070312,72.55999755859375,74.16999816894531,73.11000061035156,2834100.0,67.73218536376953
2016-12-19,74.72000122070312,72.73999786376953,73.05000305175781,74.62000274658203,2129200.0,69.13111114501953
2016-12-20,75.11000061035156,74.38999938964844,74.61000061035156,74.52999877929688,1159600.0,69.04772186279297
2016-12-21,74.87999725341797,74.13999938964844,74.20999908447266,74.62999725341797,1102700.0,69.14036560058594
2016-12-22,74.69000244140625,74.16000366210938,74.2300033569336,74.47000122070312,671600.0,68.99214935302734
2016-12-23,74.80999755859375,74.30000305175781,74.5999984741211,74.54000091552734,420000.0,69.0569839477539
2016-12-27,75.0199966430664,74.19999694824219,74.6500015258789,74.4800033569336,581300.0,69.00141143798828
2016-12-28,74.76000213623047,73.45999908447266,74.69000244140625,73.47000122070312,906100.0,68.0656967163086
2016-12-29,73.94999694824219,73.51000213623047,73.68000030517578,73.7300033569336,835900.0,68.30657958984375
2016-12-30,74.12999725341797,73.01000213623047,74.0199966430664,73.26000213623047,989100.0,67.87114715576172
2017-01-03,73.80000305175781,72.16999816894531,73.5,72.8499984741211,1851800.0,67.49129486083984
2017-01-04,74.0,72.63999938964844,72.86000061035156,72.98999786376953,1012700.0,67.62100219726562
2017-01-05,73.81999969482422,72.58999633789062,72.79000091552734,73.73999786376953,1122100.0,68.31584167480469
2017-01-06,74.30999755859375,73.44999694824219,73.66999816894531,74.1500015258789,782500.0,68.69567108154297
2017-01-09,74.18000030517578,73.08999633789062,73.77999877929688,73.16000366210938,857600.0,67.77851104736328
2017-01-10,73.72000122070312,72.83999633789062,73.12000274658203,73.13999938964844,651700.0,67.75995635986328
2017-01-11,73.62999725341797,72.93000030517578,73.01000213623047,73.44000244140625,668200.0,68.03791046142578
2017-01-12,73.51000213623047,72.88999938964844,73.36000061035156,73.44000244140625,843900.0,68.03791046142578
2017-01-13,73.6500015258789,73.16000366210938,73.55000305175781,73.37999725341797,1036600.0,67.98231506347656
2017-01-17,73.93000030517578,72.9000015258789,73.18000030517578,73.55999755859375,720200.0,68.14907836914062
2017-01-18,74.44999694824219,72.94999694824219,73.58000183105469,74.05000305175781,1187900.0,68.60302734375
2017-01-19,74.1500015258789,73.1500015258789,74.1500015258789,73.37000274658203,1198700.0,67.9730453491211
2017-01-20,73.91000366210938,72.91999816894531,73.51000213623047,73.5999984741211,1251900.0,68.18611145019531
2017-01-23,73.72000122070312,73.19000244140625,73.43000030517578,73.68000030517578,1615200.0,68.26024627685547
2017-01-24,75.0199966430664,73.51000213623047,73.94999694824219,74.66000366210938,1168400.0,69.16817474365234
2017-01-25,75.08000183105469,74.12999725341797,75.0,74.68000030517578,982000.0,69.18669128417969
2017-01-26,75.91000366210938,74.41999816894531,74.44999694824219,75.75,1416600.0,70.17798614501953
2017-01-27,77.6500015258789,75.58000183105469,75.87000274658203,77.58000183105469,2487800.0,71.8733901977539
2017-01-30,77.36000061035156,76.33000183105469,77.36000061035156,76.51000213623047,2616100.0,70.882080078125
2017-01-31,76.73999786376953,75.75,76.73999786376953,76.05999755859375,1653800.0,70.4651870727539
2017-02-01,76.0,73.2699966430664,74.5999984741211,75.11000061035156,2936100.0,69.5850601196289
2017-02-02,75.55999755859375,74.45999908447266,74.86000061035156,74.94000244140625,1452300.0,69.42756652832031
2017-02-03,75.83000183105469,75.0,75.11000061035156,75.55000305175781,944100.0,69.99267578125
2017-02-06,75.88999938964844,74.75,75.44999694824219,74.83000183105469,895300.0,69.3256607055664
2017-02-07,75.87000274658203,75.0199966430664,75.31999969482422,75.62000274658203,1128500.0,70.05755615234375
2017-02-08,76.22000122070312,75.20999908447266,75.69999694824219,76.12999725341797,785000.0,70.530029296875
2017-02-09,76.30000305175781,75.58000183105469,75.95999908447266,75.62000274658203,1724800.0,70.05755615234375
2017-02-10,76.81999969482422,75.91000366210938,75.91999816894531,76.55999755859375,726100.0,70.92839813232422
2017-02-13,77.16999816894531,76.61000061035156,76.66999816894531,76.9800033569336,869000.0,71.31751251220703
2017-02-14,77.25,76.55999755859375,76.97000122070312,77.19999694824219,931100.0,71.52131652832031
2017-02-15,77.94000244140625,77.11000061035156,77.25,77.87999725341797,885200.0,72.15131378173828
2017-02-16,78.05999755859375,77.44000244140625,77.87999725341797,78.05999755859375,1091100.0,72.31806182861328
2017-02-17,79.08999633789062,77.19999694824219,77.95999908447266,79.05999755859375,1755900.0,73.24449920654297
2017-02-21,79.56999969482422,78.77999877929688,78.91999816894531,79.41999816894531,1388700.0,73.5780258178711
2017-02-22,79.45999908447266,78.86000061035156,79.37000274658203,79.41000366210938,1232000.0,73.56875610351562
2017-02-23,79.87999725341797,79.20999908447266,79.45999908447266,79.45999908447266,1294100.0,73.61508178710938
2017-02-24,80.2300033569336,78.87999725341797,79.11000061035156,80.12999725341797,1386600.0,74.23580169677734
2017-02-27,80.3499984741211,79.66000366210938,80.08000183105469,80.2300033569336,1080400.0,74.32844543457031
2017-02-28,80.47000122070312,80.0199966430664,80.12000274658203,80.37000274658203,1651000.0,74.45813751220703
2017-03-01,81.16000366210938,80.38999938964844,80.66999816894531,80.86000061035156,1499300.0,75.33389282226562
2017-03-02,81.12000274658203,80.20999908447266,81.12000274658203,80.52999877929688,881400.0,75.02645111083984
2017-03-03,80.86000061035156,79.27999877929688,80.5199966430664,79.7699966430664,1049800.0,74.31839752197266
2017-03-06,79.6500015258789,78.86000061035156,78.86000061035156,79.27999877929688,1413100.0,73.86188507080078
2017-03-07,79.52999877929688,78.87000274658203,79.1500015258789,78.94000244140625,931200.0,73.54511260986328
2017-03-08,79.41000366210938,78.37999725341797,79.16000366210938,78.7300033569336,1183000.0,73.34949493408203
2017-03-09,79.0199966430664,78.33000183105469,78.7699966430664,78.5199966430664,729100.0,73.1538314819336
2017-03-10,79.41999816894531,78.44999694824219,78.8499984741211,79.33999633789062,668400.0,73.91776275634766
2017-03-13,79.62000274658203,78.62000274658203,79.33000183105469,79.30999755859375,580500.0,73.88983917236328
2017-03-14,79.26000213623047,78.30999755859375,79.20999908447266,78.55999755859375,575000.0,73.19108581542969
2017-03-15,79.16000366210938,78.30000305175781,78.72000122070312,78.54000091552734,1440900.0,73.1724624633789
2017-03-16,78.86000061035156,78.11000061035156,78.5,78.20999908447266,740700.0,72.86500549316406
2017-03-17,79.12999725341797,77.80999755859375,78.19000244140625,78.91999816894531,1483900.0,73.52647399902344
2017-03-20,79.04000091552734,78.5199966430664,78.91000366210938,78.93000030517578,937900.0,73.53579711914062
2017-03-21,79.4000015258789,78.18000030517578,79.06999969482422,78.36000061035156,1114900.0,73.00475311279297
2017-03-22,78.69999694824219,77.69999694824219,78.54000091552734,78.08999633789062,823400.0,72.75321197509766
2017-03-23,78.58999633789062,77.66000366210938,78.16000366210938,77.68000030517578,620900.0,72.3712387084961
2017-03-24,78.16999816894531,77.26000213623047,77.75,77.47000122070312,1374200.0,72.17558288574219
2017-03-27,77.37999725341797,76.33999633789062,76.93000030517578,77.0199966430664,993600.0,71.75634002685547
2017-03-28,77.91999816894531,76.58999633789062,77.0199966430664,77.5199966430664,1193900.0,72.22216796875
2017-03-29,77.75,76.22000122070312,77.33999633789062,77.29000091552734,902300.0,72.00787353515625
2017-03-30,77.87999725341797,76.94999694824219,77.25,77.6500015258789,1118200.0,72.34326934814453
2017-03-31,78.02999877929688,77.2300033569336,77.4800033569336,77.29000091552734,1385300.0,72.00787353515625
2017-04-03,78.12999725341797,76.4800033569336,77.5199966430664,76.70999908447266,1573000.0,71.4675064086914
2017-04-04,77.1500015258789,76.41000366210938,76.75,76.86000061035156,1012700.0,71.60726165771484
2017-04-05,77.2300033569336,76.31999969482422,76.80000305175781,76.41000366210938,1122900.0,71.18802642822266
2017-04-06,77.45999908447266,75.95999908447266,76.58000183105469,76.27999877929688,1323800.0,71.06689453125
2017-04-07,76.5999984741211,75.55999755859375,76.36000061035156,75.7300033569336,1536000.0,70.55451202392578
2017-04-10,76.66999816894531,75.69999694824219,75.81999969482422,76.23999786376953,1187700.0,71.02962493896484
2017-04-11,76.05999755859375,75.20999908447266,75.66000366210938,75.75,1225300.0,70.57312774658203
2017-04-12,75.77999877929688,74.69999694824219,75.77999877929688,74.79000091552734,1145000.0,69.67874145507812
2017-04-13,75.1500015258789,74.1500015258789,74.1500015258789,74.45999908447266,1571900.0,69.37129211425781
2017-04-17,75.86000061035156,74.41999816894531,74.52999877929688,75.66999816894531,1605700.0,70.49859619140625
2017-04-18,75.62999725341797,75.16999816894531,75.55999755859375,75.29000091552734,1067000.0,70.14456176757812
2017-04-19,75.88999938964844,75.19999694824219,75.5,75.33999633789062,797100.0,70.19115447998047
2017-04-20,76.54000091552734,74.29000091552734,75.58000183105469,76.44999694824219,1042200.0,71.22527313232422
2017-04-21,77.0999984741211,75.58999633789062,76.97000122070312,76.54000091552734,1582100.0,71.30914306640625
2017-04-24,77.83000183105469,76.9000015258789,77.0,77.58999633789062,1840100.0,72.28736877441406
2017-04-25,78.30999755859375,77.47000122070312,77.7300033569336,77.69999694824219,1374900.0,72.38986206054688
2017-04-26,74.2699966430664,72.43000030517578,73.16000366210938,72.80999755859375,5513900.0,67.83405303955078
2017-04-27,73.29000091552734,72.51000213623047,72.83000183105469,72.80999755859375,1692800.0,67.83405303955078
2017-04-28,73.16000366210938,72.52999877929688,72.87999725341797,72.69999694824219,1904200.0,67.73155975341797
2017-05-01,73.19000244140625,72.54000091552734,73.16000366210938,72.55000305175781,846400.0,67.59181213378906
2017-05-02,72.91000366210938,72.43000030517578,72.80000305175781,72.72000122070312,865900.0,67.75021362304688
2017-05-03,72.98999786376953,72.31999969482422,72.6500015258789,72.77999877929688,833600.0,67.80609130859375
2017-05-04,73.02999877929688,72.44999694824219,73.02999877929688,72.55999755859375,1210900.0,67.60113525390625
2017-05-05,73.37999725341797,72.79000091552734,72.93000030517578,73.3499984741211,917600.0,68.337158203125
2017-05-08,73.29000091552734,71.29000091552734,73.19000244140625,71.45999908447266,1673900.0,66.5763168334961
2017-05-09,71.41000366210938,70.58000183105469,71.37000274658203,70.86000061035156,2040700.0,66.017333984375
2017-05-10,71.47000122070312,69.98999786376953,70.98999786376953,70.16999816894531,2878600.0,65.37446594238281
2017-05-11,70.2699966430664,69.25,69.87999725341797,69.77999877929688,1655700.0,65.01111602783203
2017-05-12,69.87999725341797,68.87000274658203,69.52999877929688,69.3499984741211,1557700.0,64.61051177978516
2017-05-15,69.81999969482422,68.68000030517578,69.29000091552734,69.47000122070312,1051600.0,64.72232055664062
2017-05-16,69.75,69.29000091552734,69.33000183105469,69.5999984741211,1288600.0,64.84343719482422
2017-05-17,69.55000305175781,67.47000122070312,69.04000091552734,67.83999633789062,1999800.0,63.203704833984375
2017-05-18,68.98999786376953,67.5,67.69999694824219,68.05999755859375,1783400.0,63.40867614746094
2017-05-19,68.16000366210938,67.08000183105469,68.16000366210938,67.36000061035156,2306700.0,62.75651168823242
2017-05-22,68.0999984741211,67.26000213623047,67.37999725341797,68.08000183105469,1453200.0,63.42729568481445
2017-05-23,68.36000061035156,67.73999786376953,68.1500015258789,68.33999633789062,885300.0,63.66954040527344
2017-05-24,68.61000061035156,68.01000213623047,68.43000030517578,68.37999725341797,1187500.0,63.706809997558594
2017-05-25,68.37999725341797,67.63999938964844,68.12000274658203,67.91000366210938,1894100.0,63.26892852783203
2017-05-26,67.9800033569336,66.97000122070312,67.7300033569336,67.04000091552734,1303200.0,62.458377838134766
2017-05-30,67.62000274658203,66.5999984741211,67.08999633789062,67.2699966430664,1613300.0,62.67264938354492
2017-05-31,67.18000030517578,66.33000183105469,67.01000213623047,67.01000213623047,2353700.0,62.85087585449219
2017-06-01,67.72000122070312,66.91999816894531,67.30999755859375,67.58000183105469,1584700.0,63.385501861572266
2017-06-02,67.97000122070312,67.31999969482422,67.62999725341797,67.62000274658203,1038800.0,63.42301940917969
2017-06-05,67.93000030517578,67.22000122070312,67.41000366210938,67.26000213623047,1036000.0,63.085357666015625
2017-06-06,67.36000061035156,66.7300033569336,67.13999938964844,67.12000274658203,736100.0,62.954044342041016
2017-06-07,67.38999938964844,66.98999786376953,67.31999969482422,67.2300033569336,932900.0,63.057220458984375
2017-06-08,67.37999725341797,66.9000015258789,67.18000030517578,66.97000122070312,1237200.0,62.8133544921875
2017-06-09,67.91000366210938,66.77999877929688,66.86000061035156,67.86000061035156,1026200.0,63.64812469482422
2017-06-12,69.0999984741211,67.68000030517578,67.7699966430664,68.81999969482422,1557400.0,64.54853820800781
2017-06-13,69.31999969482422,68.66000366210938,69.08000183105469,69.08999633789062,1083200.0,64.80177307128906
2017-06-14,69.33000183105469,67.77999877929688,69.30000305175781,67.83999633789062,1288500.0,63.62936019897461
2017-06-15,69.5,67.48999786376953,67.48999786376953,69.44999694824219,1559100.0,65.13941955566406
2017-06-16,70.12999725341797,69.19000244140625,69.19000244140625,70.04000091552734,2388700.0,65.69281768798828
2017-06-19,70.4000015258789,69.66000366210938,70.0,70.0999984741211,1079100.0,65.74908447265625
2017-06-20,70.05000305175781,68.38999938964844,69.98999786376953,68.4000015258789,1061100.0,64.15461730957031
2017-06-21,69.81999969482422,67.0,68.27999877929688,67.16999816894531,1469800.0,63.00094223022461
2017-06-22,68.02999877929688,66.95999908447266,67.19000244140625,67.30000305175781,1324800.0,63.122867584228516
2017-06-23,67.73999786376953,66.95999908447266,67.30999755859375,66.98999786376953,1249700.0,62.83211135864258
2017-06-26,67.69000244140625,66.81999969482422,67.16000366210938,67.58000183105469,843000.0,63.385501861572266
2017-06-27,68.0,67.29000091552734,67.5999984741211,67.33000183105469,914000.0,63.1510009765625
2017-06-28,68.2699966430664,67.29000091552734,67.73999786376953,67.33000183105469,1487800.0,63.1510009765625
2017-06-29,67.63999938964844,67.1500015258789,67.33000183105469,67.55000305175781,1188600.0,63.357364654541016
2017-06-30,68.94999694824219,67.6500015258789,67.76000213623047,68.68000030517578,1115600.0,64.41722869873047
2017-07-03,70.4800033569336,68.87999725341797,69.12999725341797,70.08000183105469,1533100.0,65.73033142089844
2017-07-05,70.05000305175781,68.7300033569336,69.91999816894531,68.76000213623047,1666000.0,64.49226379394531
2017-07-06,68.4800033569336,67.63999938964844,68.4800033569336,67.68000030517578,1375400.0,63.479286193847656
2017-07-07,68.16999816894531,67.47000122070312,67.83000183105469,67.97000122070312,1147900.0,63.75129318237305
2017-07-10,69.0199966430664,67.87999725341797,68.02999877929688,68.2300033569336,1158600.0,63.995147705078125
2017-07-11,68.62000274658203,67.7699966430664,68.47000122070312,68.5999984741211,945600.0,64.34217834472656
2017-07-12,69.19999694824219,68.58000183105469,68.95999908447266,68.87000274658203,1158600.0,64.59542846679688
2017-07-13,68.83999633789062,68.23999786376953,68.80000305175781,68.76000213623047,945100.0,64.49226379394531
2017-07-14,69.6500015258789,68.7300033569336,69.06999969482422,69.45999908447266,964400.0,65.14881134033203
2017-07-17,69.05000305175781,67.8499984741211,68.08999633789062,68.88999938964844,2382800.0,64.61418914794922
2017-07-18,69.55000305175781,68.55999755859375,68.87999725341797,69.5,1527200.0,65.18631744384766
2017-07-19,70.05000305175781,68.56999969482422,69.52999877929688,68.69000244140625,2404100.0,64.4266128540039
2017-07-20,65.33999633789062,63.40999984741211,63.619998931884766,65.01000213623047,8858400.0,60.97500991821289
2017-07-21,65.83000183105469,64.81999969482422,64.81999969482422,65.55999755859375,3162500.0,61.490875244140625
2017-07-24,65.75,65.12999725341797,65.69999694824219,65.62000274658203,1798800.0,61.54714584350586
2017-07-25,66.56999969482422,65.6500015258789,66.0999984741211,65.93000030517578,2578800.0,61.83790588378906
2017-07-26,67.47000122070312,65.63999938964844,67.29000091552734,65.91000366210938,1711900.0,61.819149017333984
2017-07-27,65.94000244140625,65.0199966430664,65.94000244140625,65.45999908447266,1981400.0,61.39707565307617
2017-07-28,65.8499984741211,64.97000122070312,65.48999786376953,65.25,1401500.0,61.20011520385742
2017-07-31,65.87999725341797,65.30999755859375,65.52999877929688,65.61000061035156,1323900.0,61.53776931762695
2017-08-01,65.76000213623047,64.61000061035156,65.6500015258789,64.9800033569336,1542700.0,60.94687271118164
2017-08-02,65.83999633789062,64.97000122070312,65.02999877929688,65.61000061035156,1053200.0,61.53776931762695
2017-08-03,65.7300033569336,64.93000030517578,65.41000366210938,65.69999694824219,1106900.0,61.62217712402344
2017-08-04,67.41000366210938,65.66000366210938,65.77999877929688,67.22000122070312,2295500.0,63.0478401184082
2017-08-07,67.38999938964844,66.06999969482422,67.12000274658203,66.54000091552734,2561600.0,62.4100456237793
2017-08-08,66.98999786376953,66.0199966430664,66.37999725341797,66.75,1668200.0,62.60700607299805
2017-08-09,66.68000030517578,65.95999908447266,66.6500015258789,66.12999725341797,1885500.0,62.025482177734375
2017-08-10,66.30000305175781,65.55000305175781,66.0,66.11000061035156,1890700.0,62.0067253112793
2017-08-11,66.66999816894531,65.56999969482422,66.58999633789062,65.62999725341797,1289200.0,61.556522369384766
2017-08-14,67.27999877929688,65.79000091552734,65.86000061035156,67.13999938964844,1786100.0,62.97280502319336
2017-08-15,68.23999786376953,66.98999786376953,67.19999694824219,68.0199966430664,1741500.0,63.798179626464844
2017-08-16,68.91000366210938,67.45999908447266,68.27999877929688,68.01000213623047,1573700.0,63.78879928588867
2017-08-17,68.52999877929688,66.83000183105469,67.80000305175781,66.88999938964844,1480000.0,62.73831558227539
2017-08-18,67.25,66.56999969482422,66.91000366210938,66.77999877929688,2777600.0,62.635135650634766
2017-08-21,66.95999908447266,66.13999938964844,66.95999908447266,66.86000061035156,1518100.0,62.71017837524414
2017-08-22,67.19000244140625,66.52999877929688,66.8499984741211,67.0999984741211,1078200.0,62.935279846191406
2017-08-23,67.16999816894531,66.43000030517578,66.98999786376953,67.08999633789062,939300.0,62.92588806152344
2017-08-24,67.73999786376953,66.76000213623047,67.29000091552734,66.87000274658203,1070600.0,62.719573974609375
2017-08-25,69.37000274658203,66.87000274658203,67.05999755859375,69.06999969482422,2003900.0,64.78301239013672
2017-08-28,71.12000274658203,69.4000015258789,69.5,71.05000305175781,3135900.0,66.64012908935547
2017-08-29,72.19999694824219,70.56999969482422,70.69000244140625,71.56999969482422,2945800.0,67.12784576416016
2017-08-30,74.54000091552734,72.26000213623047,72.30000305175781,73.05999755859375,4058900.0,68.95894622802734
2017-08-31,73.05999755859375,70.58000183105469,73.0,70.62999725341797,2689800.0,66.66535186767578
2017-09-01,71.01000213623047,70.12000274658203,70.69000244140625,70.16999816894531,1397800.0,66.23116302490234
2017-09-05,72.19000244140625,70.93000030517578,70.93000030517578,71.79000091552734,1948200.0,67.76024627685547
2017-09-06,73.19000244140625,71.86000061035156,72.08999633789062,72.7699966430664,2167500.0,68.68522644042969
2017-09-07,73.61000061035156,72.68000030517578,72.7699966430664,73.2699966430664,1369200.0,69.15717315673828
2017-09-08,73.98999786376953,72.87999725341797,73.25,73.73999786376953,804800.0,69.60079193115234
2017-09-11,73.97000122070312,72.16999816894531,73.68000030517578,72.83000183105469,2013300.0,68.74185943603516
2017-09-12,73.27999877929688,72.13999938964844,72.69000244140625,72.79000091552734,1245700.0,68.70410919189453
2017-09-13,72.91000366210938,72.1500015258789,72.91000366210938,72.27999877929688,1324600.0,68.22274017333984
2017-09-14,71.87999725341797,70.22000122070312,71.87000274658203,70.7699966430664,3375500.0,66.7974853515625
2017-09-15,71.55999755859375,70.2300033569336,70.6500015258789,71.44999694824219,2340100.0,67.43932342529297
2017-09-18,72.30000305175781,71.30999755859375,71.5999984741211,72.25,1155600.0,68.19441223144531
2017-09-19,72.87000274658203,72.1500015258789,72.37000274658203,72.5999984741211,1041200.0,68.52477264404297
2017-09-20,73.26000213623047,72.3499984741211,72.94999694824219,72.79000091552734,1852800.0,68.70410919189453
2017-09-21,73.4000015258789,72.5199966430664,72.87000274658203,73.0,1051300.0,68.9023208618164
2017-09-22,73.80000305175781,72.80000305175781,73.16000366210938,73.12999725341797,1098000.0,69.02501678466797
2017-09-25,73.94000244140625,72.91999816894531,73.29000091552734,73.91999816894531,1043700.0,69.77067565917969
2017-09-26,75.11000061035156,73.48999786376953,74.0,74.88999938964844,1945300.0,70.68622589111328
2017-09-27,75.7300033569336,74.93000030517578,75.16999816894531,75.68000030517578,2092800.0,71.431884765625
2017-09-28,76.01000213623047,75.25,75.69000244140625,75.4800033569336,974100.0,71.24311065673828
2017-09-29,76.16000366210938,75.25,75.37000274658203,76.0999984741211,1348600.0,71.82831573486328
2017-10-02,77.37999725341797,75.62000274658203,76.27999877929688,77.30000305175781,1999100.0,72.96094512939453
2017-10-03,77.08000183105469,76.05000305175781,76.97000122070312,76.12999725341797,2354800.0,71.85662841796875
2017-10-04,76.1500015258789,74.30000305175781,76.04000091552734,75.0199966430664,1979400.0,70.80892944335938
2017-10-05,76.1500015258789,74.61000061035156,74.79000091552734,76.05000305175781,1869100.0,71.7811050415039
2017-10-06,76.56999969482422,75.66999816894531,75.93000030517578,76.5199966430664,1283800.0,72.2247314453125
2017-10-09,76.7300033569336,75.38999938964844,76.55000305175781,75.44999694824219,819500.0,71.21479797363281
2017-10-10,78.86000061035156,76.86000061035156,77.73999786376953,77.08999633789062,2527000.0,72.76274108886719
2017-10-11,77.43000030517578,76.43000030517578,76.98999786376953,76.69999694824219,857900.0,72.39462280273438
2017-10-12,77.25,76.41000366210938,76.93000030517578,77.18000030517578,1062300.0,72.8476791381836
2017-10-13,78.94000244140625,77.1500015258789,78.58000183105469,77.26000213623047,1655200.0,72.92320251464844
2017-10-16,78.69999694824219,76.47000122070312,78.12999725341797,77.33000183105469,1553200.0,72.98926544189453
2017-10-17,77.30000305175781,75.94999694824219,77.05999755859375,76.0199966430664,1586800.0,71.75279998779297
2017-10-18,77.66999816894531,75.93000030517578,75.94999694824219,77.33999633789062,1601000.0,72.99870300292969
2017-10-19,78.05000305175781,76.75,77.26000213623047,77.9800033569336,712600.0,73.602783203125
2017-10-20,78.69999694824219,77.62000274658203,78.37999725341797,78.30000305175781,1471000.0,73.90482330322266
2017-10-23,78.72000122070312,77.79000091552734,78.68000030517578,78.43000030517578,1052500.0,74.02751922607422
2017-10-24,79.6500015258789,77.08000183105469,78.7300033569336,78.83000183105469,1218300.0,74.4050521850586
2017-10-25,78.91000366210938,77.94000244140625,78.43000030517578,78.5999984741211,1220900.0,74.18797302246094
2017-10-26,80.83000183105469,79.16000366210938,79.62999725341797,79.58999633789062,2095400.0,75.12240600585938
2017-10-27,80.08000183105469,78.5,80.08000183105469,79.81999969482422,1649000.0,75.33949279785156
2017-10-30,80.02999877929688,78.0199966430664,79.66999816894531,78.3499984741211,1665800.0,73.95201110839844
2017-10-31,79.33000183105469,78.30000305175781,78.30000305175781,78.52999877929688,2280600.0,74.12189483642578
2017-11-01,80.94000244140625,77.83000183105469,80.9000015258789,79.33000183105469,3029700.0,74.87699890136719
2017-11-02,81.3499984741211,78.5999984741211,80.1500015258789,79.55000305175781,4220600.0,75.08466339111328
2017-11-03,80.13999938964844,78.98999786376953,79.5,79.44000244140625,2348600.0,74.9808349609375
2017-11-06,79.66000366210938,78.31999969482422,79.44999694824219,79.08000183105469,2183200.0,74.64103698730469
2017-11-07,80.80000305175781,79.0999984741211,79.48999786376953,80.5,2410800.0,75.98131561279297
2017-11-08,80.93000030517578,80.0,80.26000213623047,80.62999725341797,1567400.0,76.1040267944336
2017-11-09,81.08999633789062,80.13999938964844,80.20999908447266,80.68000030517578,2254700.0,76.1512222290039
2017-11-10,80.4800033569336,80.04000091552734,80.30999755859375,80.33000183105469,1115800.0,75.82086944580078
2017-11-13,80.5,79.79000091552734,80.33999633789062,80.36000061035156,1185800.0,75.84919738769531
2017-11-14,80.61000061035156,80.0,80.0999984741211,80.37000274658203,1016500.0,75.85862731933594
2017-11-15,80.19000244140625,79.5199966430664,80.0999984741211,79.94999694824219,1103400.0,75.46219635009766
2017-11-16,80.52999877929688,79.94999694824219,80.06999969482422,80.4000015258789,924800.0,75.88694763183594
2017-11-17,79.30999755859375,77.5199966430664,78.75,78.44000244140625,2570500.0,74.03694152832031
2017-11-20,78.94000244140625,78.2300033569336,78.61000061035156,78.43000030517578,1345500.0,74.02751922607422
2017-11-21,79.0,78.30000305175781,78.58000183105469,78.79000091552734,1314600.0,74.36731719970703
2017-11-22,79.7699966430664,78.69999694824219,78.70999908447266,79.23999786376953,896800.0,74.79204559326172
2017-11-24,79.91999816894531,77.9000015258789,79.44999694824219,79.66999816894531,325500.0,75.19791412353516
2017-11-27,80.04000091552734,79.36000061035156,79.5,79.54000091552734,1068000.0,75.0752182006836
2017-11-28,81.62999725341797,79.72000122070312,80.19999694824219,81.52999877929688,1405500.0,76.95350646972656
2017-11-29,84.55999755859375,81.13999938964844,81.4000015258789,84.48999786376953,2180700.0,79.74735260009766
2017-11-30,87.16999816894531,84.3499984741211,84.3499984741211,86.6500015258789,3268500.0,81.7861099243164
2017-12-01,87.02999877929688,84.55999755859375,86.5999984741211,86.54000091552734,2029000.0,81.6822738647461
2017-12-04,89.11000061035156,86.58000183105469,87.55000305175781,86.76000213623047,2544300.0,81.88994598388672
2017-12-05,87.37000274658203,85.70999908447266,86.93000030517578,85.91999816894531,1632300.0,81.09707641601562
2017-12-06,87.33000183105469,85.45999908447266,85.72000122070312,87.1500015258789,1479800.0,82.2580337524414
2017-12-07,87.75,86.43000030517578,86.8499984741211,87.41999816894531,1708900.0,82.51289367675781
2017-12-08,88.41000366210938,87.0999984741211,87.41000366210938,88.37999725341797,1251400.0,83.41899108886719
2017-12-11,88.41999816894531,87.61000061035156,88.27999877929688,87.97000122070312,963200.0,83.03201293945312
2017-12-12,88.44000244140625,87.41999816894531,88.19000244140625,88.0,912900.0,83.0603256225586
2017-12-13,88.54000091552734,87.58000183105469,88.08999633789062,87.7699966430664,1523500.0,82.8432388305664
2017-12-14,88.05000305175781,85.62000274658203,88.05000305175781,85.79000091552734,2319500.0,80.9743881225586
2017-12-15,86.75,85.19000244140625,85.5999984741211,86.20999908447266,3197500.0,81.80946350097656
2017-12-18,87.79000091552734,86.36000061035156,86.87999725341797,87.16000366210938,1819600.0,82.71096801757812
2017-12-19,87.30999755859375,86.41999816894531,86.77999877929688,86.62999725341797,1093900.0,82.2080078125
2017-12-20,87.66000366210938,86.72000122070312,87.31999969482422,86.75,1250500.0,82.32190704345703
2017-12-21,87.26000213623047,86.36000061035156,86.9800033569336,87.12999725341797,946700.0,82.68250274658203
2017-12-22,89.23999786376953,86.88999938964844,87.22000122070312,88.69999694824219,1351600.0,84.17237091064453
2017-12-26,89.72000122070312,88.45999908447266,88.5999984741211,88.79000091552734,741000.0,84.25775909423828
2017-12-27,89.80000305175781,88.22000122070312,88.97000122070312,89.5,674500.0,84.9315414428711
2017-12-28,89.55000305175781,88.37000274658203,89.51000213623047,89.45999908447266,756000.0,84.89356231689453
2017-12-29,89.88999938964844,89.05000305175781,89.69999694824219,89.08999633789062,637700.0,84.54244232177734
2018-01-02,90.08000183105469,88.81999969482422,89.73999786376953,89.73999786376953,988800.0,85.1592788696289
2018-01-03,89.5999984741211,88.44999694824219,89.18000030517578,89.48999786376953,1214300.0,84.92203521728516
2018-01-04,90.61000061035156,89.18000030517578,90.33999633789062,89.72000122070312,1610700.0,85.14028930664062
2018-01-05,90.66999816894531,89.2300033569336,90.08000183105469,89.56999969482422,902500.0,84.99795532226562
2018-01-08,91.20999908447266,89.38999938964844,89.38999938964844,90.77999877929688,1083100.0,86.14619445800781
2018-01-09,92.41000366210938,90.91000366210938,90.91000366210938,91.45999908447266,1932600.0,86.79147338867188
2018-01-10,92.4000015258789,91.08999633789062,91.37999725341797,91.44000244140625,1043100.0,86.77250671386719
2018-01-11,94.01000213623047,91.68000030517578,91.69000244140625,93.91999816894531,1060300.0,89.12590026855469
2018-01-12,94.51000213623047,93.22000122070312,94.02999877929688,94.27999877929688,983300.0,89.467529296875
2018-01-16,94.95999908447266,92.77999877929688,94.5,92.97000122070312,1601300.0,88.22439575195312
2018-01-17,93.62999725341797,92.69000244140625,93.2699966430664,92.9800033569336,1104300.0,88.23388671875
2018-01-18,94.55000305175781,92.33999633789062,93.12999725341797,93.68000030517578,1378400.0,88.89814758300781
2018-01-19,95.27999877929688,93.58999633789062,94.04000091552734,95.16000366210938,1622300.0,90.30261993408203
2018-01-22,95.66999816894531,94.08999633789062,94.87000274658203,95.43000030517578,972500.0,90.55883026123047
2018-01-23,95.6500015258789,94.33000183105469,95.2300033569336,94.9000015258789,1021500.0,90.05589294433594
2018-01-24,96.5199966430664,94.31999969482422,95.12000274658203,96.18000030517578,1765600.0,91.27053833007812
2018-01-25,98.66000366210938,96.31999969482422,96.6500015258789,96.52999877929688,2246800.0,91.6026840209961
2018-01-26,100.18000030517578,96.58000183105469,97.33999633789062,96.7300033569336,2835700.0,91.79248046875
2018-01-29,97.62999725341797,96.06999969482422,96.29000091552734,96.30999755859375,2123200.0,91.39390563964844
2018-01-30,96.83000183105469,94.81999969482422,95.75,94.93000030517578,3124700.0,90.08436584472656
2018-01-31,95.88999938964844,90.30999755859375,91.94000244140625,91.45999908447266,7558700.0,86.79147338867188
2018-02-01,92.68000030517578,90.18000030517578,91.25,91.9800033569336,2107300.0,87.28494262695312
2018-02-02,92.26000213623047,90.55999755859375,91.16999816894531,91.79000091552734,2045700.0,87.1046371459961
2018-02-05,92.12000274658203,90.29000091552734,91.23999786376953,90.33000183105469,2989200.0,85.71916198730469
2018-02-06,91.37999725341797,88.04000091552734,88.9800033569336,90.7699966430664,2467000.0,86.13670349121094
2018-02-07,93.6500015258789,90.47000122070312,90.47000122070312,92.56999969482422,2069300.0,87.8448257446289
2018-02-08,93.13999938964844,90.47000122070312,92.66999816894531,90.47000122070312,1641300.0,85.85202026367188
2018-02-09,91.26000213623047,87.16000366210938,90.83999633789062,89.3499984741211,2591400.0,84.7891845703125
2018-02-12,91.33000183105469,89.36000061035156,89.9000015258789,91.18000030517578,1357100.0,86.52576446533203
2018-02-13,93.25,90.4000015258789,90.7699966430664,92.72000122070312,1181400.0,87.98716735839844
2018-02-14,93.22000122070312,90.04000091552734,90.72000122070312,92.43000030517578,1482300.0,87.71196746826172
2018-02-15,92.94999694824219,91.44000244140625,92.54000091552734,92.94999694824219,1382500.0,88.2054214477539
2018-02-16,93.51000213623047,92.33000183105469,92.87999725341797,92.62000274658203,875700.0,87.89228057861328
2018-02-20,92.95999908447266,89.63999938964844,92.5,89.97000122070312,1204400.0,85.3775405883789
2018-02-21,91.56999969482422,90.01000213623047,90.01000213623047,90.18000030517578,1219900.0,85.57682037353516
2018-02-22,91.06999969482422,89.86000061035156,90.61000061035156,90.08999633789062,982000.0,85.49140167236328
2018-02-23,92.66999816894531,90.1500015258789,90.31999969482422,92.62999725341797,1003400.0,87.90176391601562
2018-02-26,94.66999816894531,92.41999816894531,93.0,94.62999725341797,854100.0,89.79966735839844
2018-02-27,95.66999816894531,93.45999908447266,94.80999755859375,93.47000122070312,1147400.0,88.69888305664062
2018-02-28,94.69000244140625,92.98999786376953,93.72000122070312,93.36000061035156,1573000.0,88.59449005126953
2018-03-01,93.19000244140625,89.54000091552734,92.70999908447266,89.69999694824219,1863300.0,85.54279327392578
2018-03-02,89.94999694824219,88.1500015258789,88.54000091552734,89.51000213623047,1418600.0,85.3615951538086
2018-03-05,89.97000122070312,87.75,89.20999908447266,89.77999877929688,1303700.0,85.61908721923828
2018-03-06,90.83999633789062,89.63999938964844,90.16999816894531,89.98999786376953,941200.0,85.8193588256836
2018-03-07,90.2300033569336,87.94999694824219,89.11000061035156,90.01000213623047,1183500.0,85.83843231201172
2018-03-08,90.37999725341797,89.23999786376953,90.12999725341797,89.5999984741211,1045700.0,85.44744110107422
2018-03-09,91.79000091552734,89.26000213623047,90.01000213623047,91.73999786376953,1630600.0,87.48824310302734
2018-03-12,92.51000213623047,90.69999694824219,92.04000091552734,91.02999877929688,783600.0,86.8111572265625
2018-03-13,92.2699966430664,90.95999908447266,91.41000366210938,91.70999908447266,937000.0,87.45964813232422
2018-03-14,91.80999755859375,89.58999633789062,91.76000213623047,89.73999786376953,946800.0,85.58094787597656
2018-03-15,90.7300033569336,89.69999694824219,89.9800033569336,90.27999877929688,752500.0,86.0959243774414
2018-03-16,92.44999694824219,90.08000183105469,90.61000061035156,92.13999938964844,1817300.0,87.86971282958984
2018-03-19,94.05999755859375,91.86000061035156,92.12000274658203,92.62999725341797,1255700.0,88.3370132446289
2018-03-20,93.62999725341797,92.05000305175781,92.87000274658203,93.06999969482422,716200.0,88.75662231445312
2018-03-21,94.43000030517578,93.04000091552734,93.0999984741211,93.62000274658203,904600.0,89.28112030029297
2018-03-22,93.94999694824219,91.20999908447266,92.87999725341797,92.66000366210938,1229000.0,88.3656234741211
2018-03-23,93.31999969482422,90.79000091552734,92.58000183105469,90.86000061035156,1517600.0,86.64904022216797
2018-03-26,93.05000305175781,91.69000244140625,91.94000244140625,92.76000213623047,927000.0,88.46098327636719
2018-03-27,93.70999908447266,91.25,92.93000030517578,91.55999755859375,943400.0,87.31658172607422
2018-03-28,92.19999694824219,90.66000366210938,91.76000213623047,91.69000244140625,847200.0,87.4405746459961
2018-03-29,94.12999725341797,91.87999725341797,91.87999725341797,93.70999908447266,1333200.0,89.3669662475586
2018-04-02,93.69000244140625,91.62999725341797,93.52999877929688,92.2300033569336,1614100.0,87.95555877685547
2018-04-03,93.68000030517578,92.19999694824219,92.5999984741211,93.62999725341797,1298500.0,89.2906494140625
2018-04-04,94.58000183105469,92.43000030517578,92.58000183105469,94.36000061035156,1114900.0,89.98683166503906
2018-04-05,94.9800033569336,92.23999786376953,94.95999908447266,93.29000091552734,1688400.0,88.96641540527344
2018-04-06,93.0999984741211,89.76000213623047,92.76000213623047,90.4800033569336,1507300.0,86.28665924072266
2018-04-09,92.48999786376953,90.44999694824219,90.62999725341797,91.56999969482422,1083200.0,87.32612609863281
2018-04-10,94.37999725341797,92.69999694824219,92.87000274658203,94.12000274658203,1655500.0,89.75794982910156
2018-04-11,94.27999877929688,93.12999725341797,93.6500015258789,93.94999694824219,728800.0,89.5958251953125
2018-04-12,96.30999755859375,94.1500015258789,94.23999786376953,95.41000366210938,1218700.0,90.98817443847656
2018-04-13,95.98999786376953,93.87999725341797,95.43000030517578,94.2699966430664,1290300.0,89.90099334716797
2018-04-16,98.66000366210938,96.02999877929688,97.05000305175781,97.62000274658203,2290900.0,93.09574890136719
2018-04-17,98.5,95.22000122070312,98.33999633789062,96.02999877929688,1794300.0,91.57942199707031
2018-04-18,96.58000183105469,94.94000244140625,96.58000183105469,94.94000244140625,1834700.0,90.53995513916016
2018-04-19,95.31999969482422,94.08000183105469,94.48999786376953,94.29000091552734,2094800.0,89.92007446289062
2018-04-20,94.62999725341797,93.16999816894531,94.62000274658203,93.68000030517578,1151500.0,89.33833312988281
2018-04-23,94.36000061035156,93.0199966430664,93.51000213623047,93.70999908447266,1048000.0,89.3669662475586
2018-04-24,94.55000305175781,91.5,94.23999786376953,92.36000061035156,1267400.0,88.07951354980469
2018-04-25,93.12000274658203,92.16000366210938,92.55000305175781,92.58999633789062,1180000.0,88.2988510131836
2018-04-26,93.33000183105469,90.29000091552734,93.06999969482422,91.31999969482422,1882400.0,87.08771514892578
2018-04-27,92.16000366210938,90.76000213623047,91.27999877929688,92.0,972800.0,87.73619842529297
2018-04-30,92.73999786376953,91.80999755859375,92.08999633789062,92.02999877929688,1456000.0,87.76481628417969
2018-05-01,92.19000244140625,90.12999725341797,92.04000091552734,90.6500015258789,1660100.0,86.44876861572266
2018-05-02,86.6500015258789,82.48999786376953,84.5,82.9000015258789,4962300.0,79.05793762207031
2018-05-03,83.83000183105469,80.83000183105469,82.37999725341797,82.5999984741211,2740400.0,78.77184295654297
2018-05-04,82.86000061035156,80.87999725341797,81.6500015258789,82.54000091552734,1449900.0,78.71463775634766
2018-05-07,83.2300033569336,81.98999786376953,82.9000015258789,82.43000030517578,1203600.0,78.6097412109375
2018-05-08,84.48999786376953,82.37000274658203,82.58000183105469,83.93000030517578,1712600.0,80.04020690917969
2018-05-09,84.55999755859375,83.25,84.06999969482422,83.48999786376953,1376600.0,79.62059020996094
2018-05-10,84.7300033569336,83.58000183105469,83.80999755859375,84.58000183105469,1506100.0,80.66009521484375
2018-05-11,86.80999755859375,84.5999984741211,84.80000305175781,86.44000244140625,1383100.0,82.43389129638672
2018-05-14,86.95999908447266,85.27999877929688,86.63999938964844,85.68000030517578,1045300.0,81.70911407470703
2018-05-15,85.70999908447266,84.73999786376953,85.3499984741211,85.18000030517578,1454900.0,81.23229217529297
2018-05-16,86.08999633789062,85.08999633789062,85.22000122070312,85.73999786376953,1025000.0,81.76632690429688
2018-05-17,87.97000122070312,85.77999877929688,85.86000061035156,87.55999755859375,1729300.0,83.5019760131836
2018-05-18,89.23999786376953,87.2699966430664,87.48999786376953,88.5,1752600.0,84.3984146118164
2018-05-21,90.22000122070312,88.5,88.7699966430664,89.91000366210938,947800.0,85.74307250976562
2018-05-22,90.23999786376953,88.16999816894531,89.7699966430664,88.3499984741211,1229000.0,84.25537109375
2018-05-23,87.98999786376953,86.83999633789062,87.98999786376953,87.44000244140625,1615400.0,83.3875503540039
2018-05-24,88.25,87.41999816894531,87.48999786376953,88.0,929000.0,83.92158508300781
2018-05-25,88.38999938964844,87.68000030517578,87.80999755859375,88.2300033569336,670800.0,84.14092254638672
2018-05-29,88.26000213623047,86.81999969482422,87.91000366210938,87.93000030517578,963200.0,83.85482788085938
2018-05-30,90.05000305175781,88.2300033569336,88.3499984741211,89.43000030517578,942000.0,85.28531646728516
2018-05-31,89.1500015258789,86.94000244140625,88.94999694824219,87.0,1295300.0,83.39690399169922
2018-06-01,88.2699966430664,87.01000213623047,87.62000274658203,87.5199966430664,1113900.0,83.89535522460938
2018-06-04,88.5999984741211,87.08999633789062,87.33999633789062,87.95999908447266,3034100.0,84.317138671875
2018-06-05,88.5999984741211,87.51000213623047,88.2699966430664,87.83999633789062,1822600.0,84.20211791992188
2018-06-06,88.12000274658203,87.20999908447266,87.72000122070312,87.80000305175781,1487500.0,84.16377258300781
2018-06-07,88.51000213623047,87.80000305175781,88.20999908447266,87.98999786376953,962500.0,84.34590911865234
2018-06-08,88.58999633789062,87.81999969482422,87.91000366210938,88.31999969482422,1212000.0,84.66223907470703
2018-06-11,89.18000030517578,88.01000213623047,88.47000122070312,88.68000030517578,1023100.0,85.00732421875
2018-06-12,91.11000061035156,88.69000244140625,88.88999938964844,90.83000183105469,1544000.0,87.06829071044922
2018-06-13,91.75,90.47000122070312,91.06999969482422,90.79000091552734,1311800.0,87.02994537353516
2018-06-14,90.9800033569336,90.26000213623047,90.93000030517578,90.43000030517578,551400.0,86.68485260009766
2018-06-15,90.55999755859375,87.44000244140625,90.13999938964844,90.08999633789062,1414100.0,86.35892486572266
2018-06-18,90.98999786376953,88.73999786376953,89.54000091552734,90.62999725341797,1385400.0,86.87655639648438
2018-06-19,90.4800033569336,88.73999786376953,90.31999969482422,89.9800033569336,1529900.0,86.25348663330078
2018-06-20,90.87999725341797,89.54000091552734,89.98999786376953,90.2699966430664,867800.0,86.5314712524414
2018-06-21,90.37999725341797,89.58999633789062,90.37999725341797,89.79000091552734,1433500.0,86.07135772705078
2018-06-22,90.30999755859375,88.37000274658203,90.0,88.61000061035156,1235900.0,84.94022369384766
2018-06-25,88.22000122070312,85.08000183105469,88.22000122070312,85.58999633789062,1645100.0,82.04529571533203
2018-06-26,86.6500015258789,84.58999633789062,86.0,84.88999938964844,1021700.0,81.374267578125
2018-06-27,86.83000183105469,83.69999694824219,84.94999694824219,83.72000122070312,923500.0,80.25275421142578
2018-06-28,83.94999694824219,82.2300033569336,83.47000122070312,83.52999877929688,1157600.0,80.07061004638672
2018-06-29,84.70999908447266,83.58999633789062,83.58999633789062,83.66000366210938,1494600.0,80.19522094726562
2018-07-02,85.69000244140625,83.66000366210938,83.66000366210938,85.62000274658203,1605100.0,82.07405853271484
2018-07-03,86.66000366210938,84.79000091552734,85.75,84.98999786376953,1009700.0,81.47013854980469
2018-07-05,85.48999786376953,83.75,85.36000061035156,84.4000015258789,1633700.0,80.90457916259766
2018-07-06,84.77999877929688,83.69999694824219,84.22000122070312,84.45999908447266,1346500.0,80.96209716796875
2018-07-09,86.05000305175781,84.55000305175781,84.75,85.86000061035156,1350400.0,82.30412292480469
2018-07-10,86.33000183105469,85.41999816894531,85.87000274658203,85.87999725341797,722000.0,82.32328796386719
2018-07-11,86.91000366210938,85.38999938964844,86.5199966430664,85.83999633789062,947500.0,82.2849349975586
2018-07-12,86.1500015258789,85.3499984741211,86.04000091552734,85.83000183105469,858700.0,82.2753677368164
2018-07-13,87.0199966430664,85.80000305175781,86.69999694824219,86.73999786376953,1007700.0,83.14766693115234
2018-07-16,88.80000305175781,86.25,87.19999694824219,87.30000305175781,1692700.0,83.68447875976562
2018-07-17,88.06999969482422,87.0999984741211,87.0999984741211,87.69999694824219,1266100.0,84.06790924072266
2018-07-18,89.19999694824219,87.3499984741211,87.79000091552734,88.83999633789062,786700.0,85.16069793701172
2018-07-19,90.16999816894531,88.16999816894531,88.44999694824219,89.58999633789062,1552000.0,85.879638671875
2018-07-20,90.56999969482422,89.12000274658203,89.5,90.31999969482422,894000.0,86.57939147949219
2018-07-23,91.1500015258789,89.08000183105469,90.31999969482422,89.63999938964844,1231900.0,85.92757415771484
2018-07-24,90.41999816894531,88.93000030517578,90.0,89.9800033569336,1236700.0,86.25348663330078
2018-07-25,91.87999725341797,89.86000061035156,90.19000244140625,91.75,1052000.0,87.9501724243164
2018-07-26,92.27999877929688,89.9800033569336,91.69000244140625,91.8499984741211,1454500.0,88.04602813720703
2018-07-27,92.48999786376953,90.77999877929688,91.80000305175781,91.44999694824219,1016900.0,87.66259765625
2018-07-30,92.5,90.0,91.30000305175781,90.47000122070312,1515500.0,86.72319030761719
2018-07-31,92.62999725341797,90.76000213623047,90.88999938964844,92.2300033569336,1991400.0,88.4103012084961
2018-08-01,95.9000015258789,92.37999725341797,93.80000305175781,95.37999725341797,2109700.0,91.42984008789062
2018-08-02,96.05000305175781,94.6500015258789,95.47000122070312,95.43000030517578,1306500.0,91.47777557373047
2018-08-03,96.26000213623047,93.94000244140625,95.43000030517578,95.79000091552734,1021900.0,91.82286071777344
2018-08-06,96.38999938964844,95.66000366210938,95.88999938964844,96.22000122070312,783700.0,92.23506164550781
2018-08-07,96.38999938964844,95.11000061035156,96.0,96.31999969482422,1022500.0,92.3309097290039
2018-08-08,96.76000213623047,94.97000122070312,96.12999725341797,96.06999969482422,790400.0,92.09127044677734
2018-08-09,96.18000030517578,94.54000091552734,94.58000183105469,94.75,1055100.0,90.825927734375
2018-08-10,95.2300033569336,94.0,94.4000015258789,94.9000015258789,925300.0,90.96973419189453
2018-08-13,95.1500015258789,93.76000213623047,95.1500015258789,93.94000244140625,773100.0,90.04946899414062
2018-08-14,94.55999755859375,93.76000213623047,94.1500015258789,93.97000122070312,920100.0,90.07823181152344
2018-08-15,94.70999908447266,93.12999725341797,93.2699966430664,94.56999969482422,873000.0,90.65339660644531
2018-08-16,96.41000366210938,94.93000030517578,94.94000244140625,96.4000015258789,708600.0,92.40760803222656
2018-08-17,97.48999786376953,92.56999969482422,96.43000030517578,97.13999938964844,1009000.0,93.11695861816406
2018-08-20,97.91000366210938,96.91000366210938,97.01000213623047,97.37000274658203,800300.0,93.33743286132812
2018-08-21,97.80999755859375,96.91000366210938,97.01000213623047,97.20999908447266,790400.0,93.1840591430664
2018-08-22,98.80000305175781,97.22000122070312,97.22000122070312,97.2699966430664,681300.0,93.2415771484375
2018-08-23,97.7699966430664,96.2699966430664,97.26000213623047,96.4000015258789,569100.0,92.40760803222656
2018-08-24,96.83999633789062,96.29000091552734,96.62999725341797,96.5,484200.0,92.50344848632812
2018-08-27,97.4800033569336,96.5199966430664,96.7300033569336,96.80999755859375,820000.0,92.80061340332031
2018-08-28,97.26000213623047,96.06999969482422,96.94999694824219,96.31999969482422,560500.0,92.3309097290039
2018-08-29,96.5199966430664,95.63999938964844,96.2699966430664,96.06999969482422,592900.0,92.09127044677734
2018-08-30,96.12999725341797,94.7699966430664,94.94000244140625,95.58000183105469,689900.0,91.6215591430664
2018-08-31,96.37000274658203,95.2699966430664,95.69999694824219,96.08000183105469,939500.0,92.1008529663086
2018-09-04,97.26000213623047,95.62999725341797,95.86000061035156,96.08999633789062,826500.0,92.11044311523438
2018-09-05,97.0199966430664,95.47000122070312,95.47000122070312,96.56999969482422,1158000.0,92.57054901123047
2018-09-06,98.0,96.37000274658203,96.37000274658203,97.19999694824219,1258000.0,93.62040710449219
2018-09-07,97.72000122070312,95.86000061035156,96.94000244140625,96.44000244140625,638200.0,92.8884048461914
2018-09-10,100.20999908447266,96.12000274658203,97.04000091552734,100.18000030517578,1609100.0,96.49067687988281
2018-09-11,101.19999694824219,99.47000122070312,100.0,99.66000366210938,1238500.0,95.98982238769531
2018-09-12,99.83999633789062,98.08999633789062,99.44999694824219,99.11000061035156,592100.0,95.46009063720703
2018-09-13,99.93000030517578,98.27999877929688,99.63999938964844,98.52999877929688,844000.0,94.90144348144531
2018-09-14,100.54000091552734,98.6500015258789,98.6500015258789,100.08999633789062,988300.0,96.40399169921875
2018-09-17,100.22000122070312,95.95999908447266,100.20999908447266,96.70999908447266,1187800.0,93.1484603881836
2018-09-18,97.51000213623047,95.9800033569336,96.83999633789062,97.19000244140625,700200.0,93.61079406738281
2018-09-19,98.04000091552734,96.7300033569336,97.13999938964844,96.86000061035156,546400.0,93.2929458618164
2018-09-20,98.48999786376953,96.12000274658203,97.19000244140625,96.36000061035156,697100.0,92.81135559082031
2018-09-21,97.72000122070312,96.08999633789062,96.83000183105469,97.56999969482422,1313300.0,93.9767837524414
2018-09-24,98.06999969482422,96.11000061035156,97.2699966430664,96.36000061035156,720700.0,92.81135559082031
2018-09-25,96.62000274658203,95.5,96.33999633789062,96.19000244140625,765000.0,92.6476058959961
2018-09-26,97.87999725341797,96.30999755859375,96.58000183105469,97.2300033569336,880300.0,93.64932250976562
2018-09-27,97.9800033569336,96.87999725341797,97.3499984741211,97.38999938964844,745500.0,93.80342102050781
2018-09-28,98.04000091552734,97.08999633789062,97.16999816894531,97.91999816894531,937500.0,94.31388854980469
2018-10-01,98.94999694824219,97.44000244140625,98.66000366210938,97.83999633789062,847900.0,94.23684692382812
2018-10-02,98.11000061035156,96.83000183105469,97.94000244140625,97.05000305175781,867100.0,93.47594451904297
2018-10-03,98.5999984741211,96.81999969482422,97.3499984741211,97.93000030517578,954800.0,94.32353210449219
2018-10-04,98.62000274658203,97.22000122070312,97.81999969482422,97.54000091552734,824600.0,93.94790649414062
2018-10-05,98.13999938964844,96.37000274658203,97.29000091552734,97.27999877929688,934300.0,93.69746398925781
2018-10-08,98.12000274658203,96.62000274658203,97.41999816894531,97.76000213623047,663300.0,94.15979766845703
2018-10-09,98.16000366210938,96.1500015258789,97.73999786376953,96.25,961600.0,92.70540618896484
2018-10-10,95.98999786376953,92.54000091552734,95.98999786376953,92.55000305175781,1900900.0,89.14167022705078
2018-10-11,93.18000030517578,90.76000213623047,92.5,91.11000061035156,1401500.0,87.75469970703125
2018-10-12,93.08999633789062,89.98999786376953,92.86000061035156,91.68000030517578,1136200.0,88.3037109375
2018-10-15,93.31999969482422,91.04000091552734,92.0999984741211,93.01000213623047,1105800.0,89.58473205566406
2018-10-16,94.62999725341797,93.5,94.0,94.19999694824219,1127100.0,90.73089599609375
2018-10-17,94.31999969482422,91.83000183105469,94.04000091552734,93.68000030517578,979200.0,90.23006439208984
2018-10-18,94.30999755859375,92.62999725341797,93.9800033569336,93.33999633789062,1210500.0,89.90257263183594
2018-10-19,93.87999725341797,90.43000030517578,93.22000122070312,90.86000061035156,1920800.0,87.51390075683594
2018-10-22,91.9800033569336,89.98999786376953,90.70999908447266,91.63999938964844,1004400.0,88.26517486572266
2018-10-23,90.54000091552734,87.58000183105469,90.0,88.4000015258789,1393000.0,85.14449310302734
2018-10-24,88.83999633789062,86.08999633789062,87.94999694824219,86.29000091552734,1129800.0,83.11221313476562
2018-10-25,88.11000061035156,86.55999755859375,86.86000061035156,87.41000366210938,1029000.0,84.19095611572266
2018-10-26,87.43000030517578,84.7699966430664,86.63999938964844,86.19000244140625,1323800.0,83.015869140625
2018-10-29,88.41999816894531,85.87999725341797,87.19000244140625,87.05999755859375,1051800.0,83.85383605957031
2018-10-30,88.87000274658203,86.73999786376953,87.4000015258789,88.29000091552734,1628900.0,85.03854370117188
2018-10-31,92.7300033569336,87.33000183105469,88.80999755859375,89.02999877929688,3673100.0,85.75129699707031
2018-11-01,91.22000122070312,88.11000061035156,89.04000091552734,90.9000015258789,1509900.0,87.55242156982422
2018-11-02,92.3499984741211,88.19000244140625,91.45999908447266,88.69999694824219,1506000.0,85.43344116210938
2018-11-05,89.44999694824219,87.5,88.9800033569336,88.12999725341797,1226100.0,84.88443756103516
2018-11-06,89.38999938964844,88.11000061035156,88.27999877929688,88.83000183105469,1264300.0,85.55865478515625
2018-11-07,90.97000122070312,88.12999725341797,89.5,90.87000274658203,671800.0,87.52352905273438
2018-11-08,91.44999694824219,89.86000061035156,90.77999877929688,91.37000274658203,889900.0,88.00511169433594
2018-11-09,91.56999969482422,89.58000183105469,91.13999938964844,89.61000061035156,1177400.0,86.3099365234375
2018-11-12,90.38999938964844,87.9800033569336,89.44999694824219,88.1500015258789,1221300.0,84.90370178222656
2018-11-13,89.06999969482422,87.66000366210938,88.55000305175781,88.19000244140625,1076100.0,84.94222259521484
2018-11-14,90.66999816894531,88.2699966430664,88.66999816894531,90.0,1249300.0,86.6855697631836
2018-11-15,91.80000305175781,88.7699966430664,89.62000274658203,91.26000213623047,1202600.0,87.899169921875
2018-11-16,91.5,90.05999755859375,90.94000244140625,90.80000305175781,1017300.0,87.45611572265625
2018-11-19,91.20999908447266,89.87000274658203,90.72000122070312,90.56999969482422,870600.0,87.23458099365234
2018-11-20,90.47000122070312,87.80999755859375,89.81999969482422,88.04000091552734,753600.0,84.7977523803711
2018-11-21,89.33000183105469,88.18000030517578,88.5199966430664,89.23999786376953,775500.0,85.95355224609375
2018-11-23,89.98999786376953,88.56999969482422,88.93000030517578,89.2300033569336,385300.0,85.94392395019531
2018-11-26,90.75,89.12000274658203,90.0,90.69999694824219,729700.0,87.35979461669922
2018-11-27,91.05000305175781,89.54000091552734,90.30000305175781,91.02999877929688,1083300.0,87.67765045166016
2018-11-28,92.51000213623047,91.06999969482422,91.1500015258789,91.88999938964844,1695200.0,88.50597381591797
2018-11-29,92.25,91.02999877929688,91.88999938964844,91.75,852000.0,88.37112426757812
2018-11-30,92.98999786376953,91.45999908447266,92.0,92.33000183105469,2244900.0,88.92977142333984
2018-12-03,94.33999633789062,91.26000213623047,93.5,91.47000122070312,1605500.0,88.1014404296875
2018-12-04,92.0999984741211,88.4000015258789,90.94999694824219,88.87000274658203,2165800.0,85.59718322753906
2018-12-06,90.18000030517578,87.25,88.01000213623047,90.05000305175781,1221900.0,86.73373413085938
2018-12-07,90.80999755859375,87.36000061035156,90.02999877929688,87.69000244140625,1271400.0,84.46064758300781
2018-12-10,88.11000061035156,85.19000244140625,87.58000183105469,87.81999969482422,980000.0,84.58585357666016
2018-12-11,89.16000366210938,87.41000366210938,88.73999786376953,88.06999969482422,931700.0,84.82664489746094
2018-12-12,89.55999755859375,87.81999969482422,88.9000015258789,88.12000274658203,1053600.0,84.87480926513672
2018-12-13,88.44000244140625,83.81999969482422,88.37000274658203,84.83000183105469,2178800.0,81.70596313476562
2018-12-14,85.5,83.47000122070312,83.83000183105469,84.6500015258789,1920500.0,82.0160140991211
2018-12-17,85.2699966430664,83.36000061035156,84.5999984741211,84.83999633789062,1272300.0,82.2000961303711
2018-12-18,86.26000213623047,84.63999938964844,85.41999816894531,84.9800033569336,1218700.0,82.33574676513672
2018-12-19,86.86000061035156,83.68000030517578,84.44000244140625,83.87999725341797,1535500.0,81.26996612548828
2018-12-20,84.1500015258789,81.77999877929688,83.48999786376953,82.58999633789062,1759400.0,80.02011108398438
2018-12-21,83.98999786376953,80.83000183105469,82.12999725341797,80.87000274658203,2206200.0,78.35362243652344
2018-12-24,81.29000091552734,78.91999816894531,80.75,79.05999755859375,715900.0,76.59994506835938
2018-12-26,82.30000305175781,78.83000183105469,79.37000274658203,82.22000122070312,1366700.0,79.66162109375
2018-12-27,83.44999694824219,80.80000305175781,81.20999908447266,83.33000183105469,1253800.0,80.73707580566406
2018-12-28,84.77999877929688,82.69000244140625,83.83999633789062,83.20999908447266,848900.0,80.6208267211914
2018-12-31,84.19999694824219,83.12999725341797,83.55000305175781,84.08999633789062,702800.0,81.47342681884766
2019-01-02,83.80000305175781,82.22000122070312,82.66999816894531,82.9800033569336,937200.0,80.39797973632812
2019-01-03,82.70999908447266,79.81999969482422,82.13999938964844,79.91999816894531,1127400.0,77.43318939208984
2019-01-04,83.16000366210938,80.91999816894531,80.94000244140625,82.69000244140625,1724700.0,80.11699676513672
2019-01-07,83.63999938964844,81.58000183105469,82.33999633789062,83.08999633789062,1311600.0,80.50454711914062
2019-01-08,84.05999755859375,83.01000213623047,83.58000183105469,83.76000213623047,1085800.0,81.15370178222656
2019-01-09,85.08999633789062,83.52999877929688,84.23999786376953,84.72000122070312,743600.0,82.08383178710938
2019-01-10,85.5,83.76000213623047,84.63999938964844,85.44000244140625,955400.0,82.78141784667969
2019-01-11,85.97000122070312,84.3499984741211,84.80000305175781,85.62999725341797,613200.0,82.96552276611328
2019-01-14,85.98999786376953,84.44000244140625,84.7699966430664,85.8499984741211,784800.0,83.17868041992188
2019-01-15,86.06999969482422,84.73999786376953,85.7300033569336,85.2300033569336,1037100.0,82.57796478271484
2019-01-16,85.94999694824219,84.73999786376953,85.37999725341797,85.0199966430664,843300.0,82.37449645996094
2019-01-17,86.37999725341797,84.6500015258789,84.87999725341797,86.04000091552734,1085000.0,83.36276245117188
2019-01-18,88.73999786376953,86.87999725341797,87.47000122070312,88.66999816894531,3483300.0,85.91092681884766
2019-01-22,88.63999938964844,86.3499984741211,88.12999725341797,86.94999694824219,2219900.0,84.24443817138672
2019-01-23,87.18000030517578,85.66000366210938,87.02999877929688,86.9800033569336,1282600.0,84.27351379394531
2019-01-24,87.4000015258789,86.2300033569336,87.2300033569336,86.54000091552734,1014000.0,83.84720611572266
2019-01-25,87.70999908447266,86.72000122070312,87.30999755859375,87.05000305175781,1460900.0,84.3413314819336
2019-01-28,87.30999755859375,86.01000213623047,87.16999816894531,86.7699966430664,1163900.0,84.07003784179688
2019-01-29,87.2300033569336,86.20999908447266,86.61000061035156,86.61000061035156,1539000.0,83.91502380371094
2019-01-30,87.7300033569336,85.0,87.51000213623047,86.7300033569336,4158200.0,84.03129577636719
2019-01-31,87.4800033569336,85.69000244140625,86.5999984741211,86.7699966430664,1767500.0,84.07003784179688
2019-02-01,87.94999694824219,86.2300033569336,86.66999816894531,87.72000122070312,1279300.0,84.990478515625
2019-02-04,88.62000274658203,86.91000366210938,87.66000366210938,88.62000274658203,1194800.0,85.86248016357422
2019-02-05,89.7300033569336,88.37000274658203,88.63999938964844,89.72000122070312,1279800.0,86.92825317382812
2019-02-06,91.19999694824219,89.61000061035156,89.61000061035156,90.79000091552734,1627800.0,87.96495056152344
2019-02-07,91.11000061035156,89.93000030517578,90.1500015258789,90.36000061035156,1419500.0,87.54833221435547
2019-02-08,90.48999786376953,88.87999725341797,89.95999908447266,90.36000061035156,836800.0,87.54833221435547
2019-02-11,91.12000274658203,89.94999694824219,90.20999908447266,90.08999633789062,792800.0,87.28673553466797
2019-02-12,91.69000244140625,90.44999694824219,90.70999908447266,91.01000213623047,913400.0,88.17810821533203
2019-02-13,91.08000183105469,89.88999938964844,90.87000274658203,90.9000015258789,758800.0,88.07152557373047
2019-02-14,91.4800033569336,90.19999694824219,90.41000366210938,90.69999694824219,751500.0,87.87775421142578
2019-02-15,91.93000030517578,90.16999816894531,91.08999633789062,91.44999694824219,1201800.0,88.60441589355469
2019-02-19,92.44000244140625,90.94000244140625,91.12999725341797,91.94999694824219,1020400.0,89.08885955810547
2019-02-20,92.23999786376953,91.37000274658203,91.7300033569336,92.0199966430664,792000.0,89.15666961669922
2019-02-21,92.48999786376953,91.56999969482422,91.8499984741211,92.18000030517578,1035300.0,89.31170654296875
2019-02-22,92.5999984741211,91.4000015258789,92.26000213623047,91.94000244140625,711600.0,89.07917785644531
2019-02-25,92.72000122070312,90.95999908447266,92.38999938964844,91.02999877929688,993000.0,88.19749450683594
2019-02-26,91.58000183105469,90.9000015258789,91.01000213623047,91.11000061035156,1771900.0,88.2750015258789
2019-02-27,90.91999816894531,89.54000091552734,90.44000244140625,90.06999969482422,960400.0,87.2673568725586
2019-02-28,90.41999816894531,89.12999725341797,89.51000213623047,90.37999725341797,949300.0,88.05653381347656
2019-03-01,91.98999786376953,89.76000213623047,91.08000183105469,90.19999694824219,1424000.0,87.88115692138672
2019-03-04,91.12999725341797,88.52999877929688,90.4000015258789,88.73999786376953,1416400.0,86.45869445800781
2019-03-05,89.12000274658203,87.95999908447266,88.9000015258789,88.83000183105469,903100.0,86.54638671875
2019-03-06,89.30999755859375,87.5199966430664,88.98999786376953,87.98999786376953,893600.0,85.72797393798828
2019-03-07,88.19999694824219,86.87000274658203,87.68000030517578,87.47000122070312,960200.0,85.22134399414062
2019-03-08,87.58999633789062,86.1500015258789,86.94000244140625,87.44000244140625,563800.0,85.1921157836914
2019-03-11,88.91000366210938,87.16999816894531,87.33000183105469,88.87000274658203,777000.0,86.58535766601562
2019-03-12,89.69999694824219,88.22000122070312,89.08000183105469,88.75,592300.0,86.46843719482422
2019-03-13,89.80999755859375,88.3499984741211,89.0,89.08000183105469,735200.0,86.78996276855469
2019-03-14,89.8499984741211,88.75,89.4000015258789,89.33999633789062,750500.0,87.04326629638672
2019-03-15,90.12999725341797,88.69000244140625,89.33999633789062,89.0,1289100.0,86.71200561523438
2019-03-18,90.08999633789062,88.83999633789062,89.0,90.08999633789062,732400.0,87.77397918701172
2019-03-19,90.20999908447266,88.05000305175781,90.13999938964844,88.30999755859375,961100.0,86.03975677490234
2019-03-20,88.62999725341797,86.44999694824219,87.9000015258789,86.63999938964844,756100.0,84.41268157958984
2019-03-21,87.5,86.04000091552734,86.47000122070312,87.27999877929688,763500.0,85.03622436523438
2019-03-22,86.94999694824219,84.63999938964844,86.94999694824219,84.68000030517578,1094900.0,82.5030746459961
2019-03-25,84.8499984741211,82.94999694824219,84.56999969482422,83.43000030517578,1619100.0,81.28520202636719
2019-03-26,85.63999938964844,83.16000366210938,83.91000366210938,85.54000091552734,1645500.0,83.34095764160156
2019-03-27,86.41000366210938,85.05000305175781,85.5999984741211,85.81999969482422,1027300.0,83.61375427246094
2019-03-28,86.8499984741211,85.7300033569336,85.9000015258789,86.27999877929688,910300.0,84.06192779541016
2019-03-29,87.05000305175781,86.3499984741211,86.55000305175781,86.98999786376953,1273400.0,84.7536849975586
2019-04-01,88.47000122070312,87.19999694824219,87.62000274658203,88.30000305175781,695500.0,86.0300064086914
2019-04-02,88.93000030517578,87.97000122070312,88.58999633789062,88.48999786376953,1268600.0,86.21512603759766
2019-04-03,90.33000183105469,88.5,88.94999694824219,88.69999694824219,1178100.0,86.41972351074219
2019-04-04,90.33000183105469,88.91999816894531,88.95999908447266,89.2300033569336,659300.0,86.93608856201172
2019-04-05,89.91999816894531,89.0199966430664,89.31999969482422,89.45999908447266,476200.0,87.1601791381836
2019-04-08,90.0,89.05000305175781,89.36000061035156,89.62000274658203,624200.0,87.31608581542969
2019-04-09,89.43000030517578,88.44999694824219,89.16000366210938,89.2300033569336,673100.0,86.93608856201172
2019-04-10,89.0999984741211,87.79000091552734,89.0999984741211,88.33000183105469,760600.0,86.05923461914062
2019-04-11,89.87000274658203,88.76000213623047,88.94999694824219,89.66999816894531,871300.0,87.36478424072266
2019-04-12,90.97000122070312,89.69999694824219,90.0,90.79000091552734,813200.0,88.45599365234375
2019-04-15,91.48999786376953,90.19999694824219,90.94000244140625,90.87999725341797,946200.0,88.54367065429688
2019-04-16,89.87999725341797,87.5,87.72000122070312,89.5199966430664,1869200.0,87.21864318847656
2019-04-17,90.13999938964844,89.33000183105469,90.0999984741211,89.47000122070312,872800.0,87.16993713378906
2019-04-18,90.88999938964844,89.30000305175781,89.7699966430664,89.98999786376953,760800.0,87.67655944824219
2019-04-22,90.2300033569336,89.29000091552734,89.58999633789062,90.16000366210938,641500.0,87.84220123291016
2019-04-23,91.43000030517578,90.22000122070312,90.58999633789062,90.7300033569336,932100.0,88.39753723144531
2019-04-24,91.97000122070312,90.6500015258789,90.6500015258789,91.41999816894531,910900.0,89.06979370117188
2019-04-25,91.27999877929688,87.87999725341797,91.27999877929688,88.58000183105469,1059900.0,86.30281066894531
2019-04-26,88.94000244140625,87.48999786376953,88.69999694824219,87.76000213623047,1893000.0,85.50389099121094
2019-04-29,87.44000244140625,80.97000122070312,87.44000244140625,81.11000061035156,3803300.0,79.02484893798828
2019-04-30,82.11000061035156,80.94999694824219,81.45999908447266,81.0,2914600.0,78.91766357421875
2019-05-01,82.43000030517578,77.72000122070312,78.62000274658203,80.7300033569336,5235600.0,78.65460968017578
2019-05-02,84.66000366210938,80.72000122070312,81.04000091552734,83.41999816894531,3730700.0,81.27545928955078
2019-05-03,84.97000122070312,83.16000366210938,84.25,83.9000015258789,1673600.0,81.74311828613281
2019-05-06,83.97000122070312,82.1500015258789,82.80999755859375,83.20999908447266,1144900.0,81.07085418701172
2019-05-07,83.13999938964844,82.08000183105469,82.66999816894531,82.55000305175781,1769000.0,80.4278335571289
2019-05-08,84.45999908447266,82.02999877929688,82.62999725341797,83.26000213623047,2017800.0,81.11957550048828
2019-05-09,83.88999938964844,82.31999969482422,83.08000183105469,82.68000030517578,1783500.0,80.55448150634766
2019-05-10,82.55999755859375,80.51000213623047,82.55999755859375,81.7300033569336,1349300.0,79.62890625
2019-05-13,81.33000183105469,79.75,80.41999816894531,80.05000305175781,1388300.0,77.99210357666016
2019-05-14,82.12999725341797,80.33000183105469,80.41999816894531,81.38999938964844,1057800.0,79.29764556884766
2019-05-15,82.01000213623047,80.61000061035156,81.01000213623047,81.86000061035156,915500.0,79.75556182861328
2019-05-16,83.6500015258789,81.80999755859375,82.19999694824219,82.91000366210938,1631500.0,80.77857971191406
2019-05-17,83.23999786376953,81.76000213623047,82.19000244140625,82.22000122070312,809000.0,80.10630798339844
2019-05-20,82.43000030517578,81.48999786376953,81.83000183105469,81.79000091552734,1009200.0,79.68736267089844
2019-05-21,82.75,81.77999877929688,82.18000030517578,81.88999938964844,718700.0,79.7847900390625
2019-05-22,81.62999725341797,80.06999969482422,81.37000274658203,81.18000030517578,755600.0,79.0930404663086
2019-05-23,81.62999725341797,80.16000366210938,80.6500015258789,80.73999786376953,1542800.0,78.66435241699219
2019-05-24,81.26000213623047,79.47000122070312,81.0,79.72000122070312,1453500.0,77.67057800292969
2019-05-28,79.81999969482422,78.54000091552734,79.81999969482422,79.01000213623047,1994300.0,76.97883605957031
2019-05-29,80.0,78.0,78.94999694824219,79.69000244140625,1260200.0,77.64134979248047
2019-05-30,80.2300033569336,77.88999938964844,79.83999633789062,78.79000091552734,1400600.0,76.76448822021484
2019-05-31,79.88999938964844,78.01000213623047,78.01000213623047,79.62999725341797,1919200.0,77.5828857421875
2019-06-03,80.62000274658203,79.02999877929688,79.38999938964844,79.80000305175781,1049700.0,77.74852752685547
2019-06-04,80.5199966430664,79.5,80.3499984741211,80.23999786376953,2216400.0,78.17720794677734
2019-06-05,81.16000366210938,79.69999694824219,80.19000244140625,81.0,888700.0,78.91766357421875
2019-06-06,80.41000366210938,78.83000183105469,80.18000030517578,79.55999755859375,1274900.0,77.99614715576172
2019-06-07,80.97000122070312,79.66000366210938,79.97000122070312,79.69000244140625,761900.0,78.12360382080078
2019-06-10,81.23999786376953,79.9800033569336,80.13999938964844,80.19999694824219,828300.0,78.62356567382812
2019-06-11,81.33999633789062,80.06999969482422,80.7699966430664,80.41000366210938,733100.0,78.8294448852539
2019-06-12,82.26000213623047,80.38999938964844,80.62000274658203,82.22000122070312,1074400.0,80.6038589477539
2019-06-13,83.75,82.22000122070312,82.37000274658203,83.56999969482422,1404700.0,81.92732238769531
2019-06-14,83.80999755859375,82.69000244140625,83.6500015258789,83.69999694824219,1365000.0,82.05476379394531
2019-06-17,83.76000213623047,82.2300033569336,83.76000213623047,82.29000091552734,1074400.0,80.6724853515625
2019-06-18,84.4000015258789,82.87000274658203,83.0,83.5,1084400.0,81.85871124267578
2019-06-19,83.7300033569336,82.73999786376953,83.56999969482422,83.37000274658203,852300.0,81.73126983642578
2019-06-20,84.5,83.13999938964844,84.33999633789062,84.0,932100.0,82.348876953125
2019-06-21,84.0199966430664,82.86000061035156,84.0199966430664,83.02999877929688,1626500.0,81.39794158935547
2019-06-24,83.48999786376953,82.37000274658203,82.94999694824219,82.87000274658203,1076600.0,81.24109649658203
2019-06-25,83.19999694824219,81.4800033569336,82.91000366210938,82.73999786376953,965200.0,81.11363983154297
2019-06-26,83.69000244140625,82.0999984741211,82.62000274658203,83.31999969482422,1229300.0,81.68224334716797
2019-06-27,84.87000274658203,83.4800033569336,83.62999725341797,84.16999816894531,1074100.0,82.51553344726562
2019-06-28,85.36000061035156,84.0,84.33000183105469,84.3499984741211,2101100.0,82.69200134277344
2019-07-01,85.55999755859375,83.75,85.30999755859375,84.30999755859375,932700.0,82.65277099609375
2019-07-02,84.7699966430664,83.06999969482422,84.22000122070312,83.62999725341797,786200.0,81.98615264892578
2019-07-03,85.22000122070312,83.87000274658203,83.87999725341797,85.04000091552734,500500.0,83.3684310913086
2019-07-05,84.98999786376953,83.94000244140625,84.56999969482422,84.9000015258789,542300.0,83.23118591308594
2019-07-08,85.02999877929688,83.37000274658203,84.87000274658203,83.91999816894531,791000.0,82.27043914794922
2019-07-09,84.05000305175781,82.20999908447266,83.37999725341797,83.19000244140625,961000.0,81.55480194091797
2019-07-10,83.98999786376953,82.13999938964844,83.37999725341797,82.19000244140625,703100.0,80.57445526123047
2019-07-11,83.05000305175781,81.54000091552734,82.11000061035156,82.83999633789062,880100.0,81.211669921875
2019-07-12,85.66999816894531,82.75,82.75,85.05999755859375,1379900.0,83.38803100585938
2019-07-15,85.23999786376953,84.2699966430664,85.08999633789062,84.51000213623047,769800.0,82.8488540649414
2019-07-16,86.01000213623047,83.88999938964844,84.61000061035156,84.94999694824219,1698400.0,83.28020477294922
2019-07-17,84.5999984741211,82.0,84.5999984741211,82.25,2522400.0,80.6332778930664
2019-07-18,82.66999816894531,81.41999816894531,81.83999633789062,82.45999908447266,1641300.0,80.83914184570312
2019-07-19,84.3499984741211,82.33999633789062,82.6500015258789,83.6500015258789,875800.0,82.0057601928711
2019-07-22,84.38999938964844,83.1500015258789,83.88999938964844,83.22000122070312,1012700.0,81.5842056274414
2019-07-23,83.54000091552734,82.4000015258789,83.48999786376953,83.41000366210938,860800.0,81.77047729492188
2019-07-24,86.83000183105469,83.43000030517578,83.6500015258789,85.88999938964844,2019700.0,84.20172119140625
2019-07-25,86.36000061035156,83.44999694824219,85.83000183105469,84.06999969482422,1855100.0,82.41749572753906
2019-07-26,85.2699966430664,83.44999694824219,83.58000183105469,85.12000274658203,1344600.0,83.44686126708984
2019-07-29,85.80999755859375,84.62000274658203,84.8499984741211,85.05999755859375,1232600.0,83.38803100585938
2019-07-30,85.87999725341797,84.3499984741211,84.8499984741211,84.7699966430664,1437200.0,83.1037368774414
2019-07-31,84.41000366210938,79.5199966430664,81.76000213623047,83.7300033569336,3196600.0,82.08419036865234
2019-08-01,83.29000091552734,80.16000366210938,83.12999725341797,81.0,2330500.0,79.4078369140625
2019-08-02,82.62999725341797,81.02999877929688,81.16000366210938,81.66000366210938,1308200.0,80.05487823486328
2019-08-05,81.48999786376953,80.56999969482422,81.0,81.16000366210938,2238600.0,79.56470489501953
2019-08-06,82.19999694824219,80.87000274658203,81.72000122070312,81.33000183105469,1005000.0,79.73135375976562
2019-08-07,83.66999816894531,80.52999877929688,80.91000366210938,83.5,2055800.0,81.85871124267578
2019-08-08,86.47000122070312,83.5999984741211,83.75,86.05999755859375,1821000.0,84.3683853149414
2019-08-09,87.05999755859375,84.4000015258789,86.08999633789062,84.4800033569336,1800200.0,82.81945037841797
2019-08-12,85.11000061035156,83.58000183105469,84.26000213623047,84.43000030517578,1097500.0,82.77042388916016
2019-08-13,85.58000183105469,83.80999755859375,84.52999877929688,84.62999725341797,1104700.0,82.96649169921875
2019-08-14,84.01000213623047,82.0999984741211,83.66000366210938,82.38999938964844,1097300.0,80.77052307128906
2019-08-15,83.16000366210938,82.0,82.63999938964844,82.9000015258789,1027700.0,81.27050018310547
2019-08-16,84.33000183105469,82.87000274658203,83.52999877929688,83.81999969482422,1075700.0,82.17240905761719
2019-08-19,85.80999755859375,84.0999984741211,84.62000274658203,84.30999755859375,1474500.0,82.65277099609375
2019-08-20,84.83999633789062,83.69999694824219,84.41999816894531,84.16999816894531,1491200.0,82.51553344726562
2019-08-21,85.16000366210938,84.1500015258789,84.76000213623047,84.26000213623047,1140700.0,82.60376739501953
2019-08-22,84.7300033569336,83.1500015258789,84.43000030517578,83.72000122070312,1237600.0,82.07437896728516
2019-08-23,83.58000183105469,81.87999725341797,83.58000183105469,82.2300033569336,1166200.0,80.6136703491211
2019-08-26,83.20999908447266,82.12000274658203,82.66999816894531,83.08999633789062,892300.0,81.45674896240234
2019-08-27,83.91999816894531,82.20999908447266,83.68000030517578,82.33000183105469,930500.0,80.71170043945312
2019-08-28,83.52999877929688,81.69000244140625,82.33999633789062,83.16999816894531,1004600.0,81.53518676757812
2019-08-29,85.30999755859375,83.76000213623047,84.0,84.12000274658203,881900.0,82.46652221679688
2019-08-30,85.5,84.22000122070312,84.5999984741211,84.48999786376953,819400.0,82.82923889160156
2019-09-03,84.5,81.87999725341797,83.68000030517578,82.05000305175781,1355300.0,80.43721008300781
2019-09-04,83.23999786376953,82.2300033569336,82.66999816894531,82.76000213623047,917200.0,81.13325500488281
2019-09-05,84.12000274658203,83.04000091552734,83.12000274658203,83.94000244140625,853900.0,82.79024505615234
2019-09-06,84.63999938964844,83.11000061035156,84.23999786376953,83.27999877929688,1586200.0,82.13927459716797
2019-09-09,83.80000305175781,82.47000122070312,83.41999816894531,83.29000091552734,1470700.0,82.1491470336914
2019-09-10,87.38999938964844,83.41000366210938,83.44000244140625,86.69999694824219,2586100.0,85.5124282836914
2019-09-11,89.16999816894531,85.75,86.61000061035156,89.06999969482422,2302000.0,87.84996795654297
2019-09-12,89.06999969482422,85.91999816894531,89.06999969482422,86.44999694824219,1145700.0,85.26586151123047
2019-09-13,87.41999816894531,86.37000274658203,86.5,87.0999984741211,1040000.0,85.90695190429688
2019-09-16,86.83000183105469,84.73999786376953,86.36000061035156,85.29000091552734,982200.0,84.12174987792969
2019-09-17,86.4000015258789,84.63999938964844,85.5,86.25,1322900.0,85.06859588623047
2019-09-18,86.94000244140625,84.91999816894531,85.66999816894531,86.79000091552734,1212200.0,85.6011962890625
2019-09-19,86.5999984741211,85.4800033569336,86.37999725341797,85.5999984741211,959600.0,84.42749786376953
2019-09-20,86.33000183105469,84.05999755859375,86.0999984741211,84.5,1623100.0,83.34256744384766
2019-09-23,84.55000305175781,83.69999694824219,84.2699966430664,83.88999938964844,858800.0,82.74092102050781
2019-09-24,84.55999755859375,83.01000213623047,84.2300033569336,83.18000030517578,1087800.0,82.0406494140625
2019-09-25,84.97000122070312,83.19999694824219,83.45999908447266,84.86000061035156,1064700.0,83.69763946533203
2019-09-26,84.6500015258789,84.0199966430664,84.4800033569336,84.08999633789062,620400.0,82.93817901611328
2019-09-27,84.87999725341797,83.36000061035156,84.58999633789062,83.79000091552734,699200.0,82.64228820800781
2019-09-30,85.26000213623047,84.16999816894531,84.2300033569336,84.77999877929688,1073500.0,83.61873626708984
2019-10-01,85.87999725341797,83.04000091552734,85.20999908447266,83.56999969482422,1262000.0,82.42530822753906
2019-10-02,84.05999755859375,82.0,83.26000213623047,82.19999694824219,1845600.0,81.0740737915039
2019-10-03,82.47000122070312,80.87999725341797,81.94999694824219,82.0999984741211,1252300.0,80.9754409790039
2019-10-04,83.47000122070312,82.36000061035156,82.37000274658203,83.29000091552734,759300.0,82.1491470336914
2019-10-07,83.8499984741211,82.19999694824219,82.93000030517578,83.43000030517578,771600.0,82.28722381591797
2019-10-08,82.94999694824219,82.11000061035156,82.94999694824219,82.1500015258789,1046000.0,81.0247573852539
2019-10-09,83.33999633789062,82.62999725341797,82.83000183105469,83.0199966430664,578200.0,81.8828353881836
2019-10-10,84.37000274658203,82.87000274658203,82.87000274658203,84.33000183105469,867600.0,83.17489624023438
2019-10-11,86.16999816894531,84.95999908447266,84.95999908447266,85.25,954700.0,84.0822982788086
2019-10-14,85.66999816894531,84.69999694824219,85.23999786376953,85.31999969482422,799900.0,84.15133666992188
2019-10-15,86.25,84.36000061035156,84.7300033569336,85.29000091552734,1361500.0,84.12174987792969
2019-10-16,86.68000030517578,84.16000366210938,84.25,86.0,1653500.0,84.822021484375
2019-10-17,87.01000213623047,86.2699966430664,86.36000061035156,86.66000366210938,1085200.0,85.47298431396484
2019-10-18,87.30000305175781,85.87999725341797,86.73999786376953,86.55999755859375,1040400.0,85.37435150146484
2019-10-21,87.5,86.16999816894531,87.0199966430664,86.80999755859375,878500.0,85.62092590332031
2019-10-22,88.91000366210938,86.08999633789062,86.58000183105469,88.8499984741211,1117900.0,87.63298034667969
2019-10-23,90.04000091552734,88.48999786376953,89.0999984741211,89.04000091552734,1529000.0,87.82038116455078
2019-10-24,88.7699966430664,87.23999786376953,88.52999877929688,87.68000030517578,1520000.0,86.47901153564453
2019-10-25,90.19000244140625,87.3499984741211,87.3499984741211,90.11000061035156,1467300.0,88.87572479248047
2019-10-28,91.2300033569336,90.08999633789062,91.01000213623047,90.33000183105469,1533800.0,89.09272003173828
2019-10-29,91.16999816894531,89.45999908447266,89.83000183105469,90.5199966430664,2433200.0,89.28010559082031
2019-10-30,83.0,76.27999877929688,82.0999984741211,77.08000183105469,10644300.0,76.02420806884766
2019-10-31,77.80000305175781,74.93000030517578,77.08999633789062,75.63999938964844,4660900.0,74.60392761230469
2019-11-01,75.9800033569336,74.12000274658203,74.37000274658203,74.69999694824219,4215900.0,73.67680358886719
2019-11-04,75.80000305175781,74.2300033569336,74.2300033569336,75.52999877929688,5813600.0,74.49542999267578
2019-11-05,76.56999969482422,75.20999908447266,75.88999938964844,76.33999633789062,4339500.0,75.2943344116211
2019-11-06,78.73999786376953,76.16000366210938,76.70999908447266,78.61000061035156,2468800.0,77.53324890136719
2019-11-07,79.56999969482422,78.36000061035156,78.69999694824219,79.13999938964844,1964600.0,78.05598449707031
2019-11-08,79.37999725341797,77.9800033569336,79.06999969482422,78.05999755859375,1646800.0,76.99077606201172
2019-11-11,78.3499984741211,76.83000183105469,77.52999877929688,76.86000061035156,1055100.0,75.80721282958984
2019-11-12,76.8499984741211,75.45999908447266,76.75,75.5,1734500.0,74.46585083007812
2019-11-13,75.27999877929688,74.5,75.08000183105469,74.62999725341797,1689000.0,73.60775756835938
2019-11-14,75.43000030517578,74.38999938964844,74.61000061035156,74.66999816894531,1376300.0,73.64720916748047
2019-11-15,75.26000213623047,74.37999725341797,74.88999938964844,74.72000122070312,1044900.0,73.69652557373047
2019-11-18,75.30000305175781,74.4000015258789,74.51000213623047,75.19999694824219,1161600.0,74.16995239257812
2019-11-19,76.05000305175781,74.94000244140625,75.54000091552734,75.9000015258789,1236000.0,74.86036682128906
2019-11-20,75.98999786376953,75.05999755859375,75.4800033569336,75.55999755859375,968900.0,74.5250244140625
2019-11-21,75.80000305175781,74.41000366210938,75.51000213623047,74.5999984741211,932400.0,73.57817077636719
2019-11-22,75.70999908447266,74.4800033569336,74.98999786376953,75.58999633789062,791700.0,74.55461120605469
2019-11-25,76.56999969482422,75.5,75.91999816894531,76.20999908447266,841800.0,75.1661148071289
2019-11-26,77.30999755859375,76.02999877929688,76.02999877929688,77.05000305175781,2020600.0,75.99462127685547
2019-11-27,78.05999755859375,77.0199966430664,77.19000244140625,77.75,1527500.0,76.68502807617188
2019-11-29,78.20999908447266,76.80000305175781,78.13999938964844,76.8499984741211,922600.0,75.79735565185547
2019-12-02,78.47000122070312,76.8499984741211,76.94999694824219,77.75,1674700.0,76.68502807617188
2019-12-03,77.70999908447266,75.58000183105469,77.70999908447266,76.0199966430664,1386100.0,74.97872161865234
2019-12-04,77.08000183105469,76.0199966430664,76.04000091552734,76.38999938964844,983700.0,75.3436508178711
2019-12-05,76.86000061035156,75.72000122070312,76.62999725341797,76.30999755859375,1101800.0,75.2647476196289
2019-12-06,77.58999633789062,75.83000183105469,77.1500015258789,76.0199966430664,1129600.0,74.97872161865234
2019-12-09,76.58999633789062,75.75,76.08000183105469,76.2699966430664,821500.0,75.22528839111328
2019-12-10,76.77999877929688,75.45999908447266,76.08000183105469,75.80000305175781,1156200.0,74.76173400878906
2019-12-11,76.36000061035156,75.47000122070312,75.87000274658203,75.88999938964844,872600.0,74.85050201416016
2019-12-12,78.08999633789062,75.80000305175781,75.91000366210938,77.9800033569336,1229600.0,76.91188049316406
2019-12-13,77.62000274658203,76.12000274658203,77.51000213623047,76.55000305175781,1063900.0,75.99850463867188
2019-12-16,77.3499984741211,76.43000030517578,76.75,77.05000305175781,827900.0,76.49490356445312
2019-12-17,77.88999938964844,76.6500015258789,76.6500015258789,77.7699966430664,1091700.0,77.20970916748047
2019-12-18,77.9000015258789,77.33000183105469,77.5199966430664,77.75,1237800.0,77.18985748291016
2019-12-19,77.98999786376953,76.63999938964844,77.9800033569336,76.7300033569336,1616400.0,76.17720794677734
2019-12-20,77.20999908447266,75.5,77.01000213623047,76.80000305175781,2522300.0,76.2467041015625
2019-12-23,77.33000183105469,76.5199966430664,77.0,76.80999755859375,909700.0,76.25662994384766
2019-12-24,77.55000305175781,76.55000305175781,76.72000122070312,77.54000091552734,298500.0,76.98136901855469
2019-12-26,77.97000122070312,77.33999633789062,77.75,77.91000366210938,590700.0,77.34870910644531
2019-12-27,78.5,77.79000091552734,78.08999633789062,77.93000030517578,1076900.0,77.36856079101562
2019-12-30,78.4000015258789,77.41000366210938,78.27999877929688,77.54000091552734,588300.0,76.98136901855469
2019-12-31,78.2699966430664,77.18000030517578,77.52999877929688,78.19999694824219,882300.0,77.63661193847656
